// ============================================================
// game_zelda_sprites.h — Otomatik uretildi (FINAL)
// Tum sprite'lar RGB565 formatinda, PROGMEM'de
// Transparan: 0x0821 | Tile boyutu: 16x16 | Karakter: 16x32
// ============================================================
#pragma once
#include <pgmspace.h>
#include <TFT_eSPI.h>

#define ZELDA_TRANSPARENT 0x0821
#define Z_TILE  16
#define Z_CHAR_W 16
#define Z_CHAR_H 32

// ===== DUNYA TILE'LARI (16x16) =====

static const uint16_t tile_grass[256] PROGMEM = {
  0x3DE8, 0x3DE8, 0x3DE8, 0x3DE8, 0x3DE8, 0x3DE8, 0x3DE8, 0x3DE8, 0x3DE8, 0x3DE8, 0x3DE8, 0x3DE8, 0x3DE8, 0x3DE8, 0x3DE8, 0x3DE8,
  0x3DE8, 0x3DE8, 0x3DE8, 0x3DE8, 0x3DE8, 0x3DE8, 0x3DE8, 0x3DE8, 0x3DE8, 0x3DE8, 0x3DE8, 0x3DE8, 0x3DE8, 0x3DE8, 0x3DE8, 0x3DE8,
  0x3DE8, 0x3DE8, 0x3DE8, 0x3DE8, 0x3DE8, 0x3DE8, 0x3DE8, 0x3DE8, 0x3DE8, 0x3DE8, 0x3DE8, 0x3DE8, 0x3DE8, 0x6EE9, 0x3DE8, 0x3DE8,
  0x3DE8, 0x3DE8, 0x3DE8, 0x3DE8, 0x3DE8, 0x3DE8, 0x3DE8, 0x3DE8, 0x3DE8, 0x3DE8, 0x3DE8, 0x3DE8, 0x3DE8, 0x6EE9, 0x3DE8, 0x3DE8,
  0x3DE8, 0x3DE8, 0x3DE8, 0x6EE9, 0x3DE8, 0x3DE8, 0x6EE9, 0x3DE8, 0x3DE8, 0x3DE8, 0x3DE8, 0x3DE8, 0x3DE8, 0x2CA7, 0x3DE8, 0x3DE8,
  0x3DE8, 0x3DE8, 0x3DE8, 0x6EE9, 0x3DE8, 0x6EE9, 0x2CA7, 0x3DE8, 0x3DE8, 0x3DE8, 0x3DE8, 0x3DE8, 0x3DE8, 0x3DE8, 0x3DE8, 0x3DE8,
  0x3DE8, 0x3DE8, 0x3DE8, 0x6EE9, 0x3DE8, 0x6EE9, 0x3DE8, 0x3DE8, 0x3DE8, 0x3DE8, 0x3DE8, 0x3DE8, 0x3DE8, 0x3DE8, 0x3DE8, 0x3DE8,
  0x3DE8, 0x3DE8, 0x3DE8, 0x2CA7, 0x3DE8, 0x2CA7, 0x3DE8, 0x3DE8, 0x3DE8, 0x3DE8, 0x3DE8, 0x3DE8, 0x3DE8, 0x3DE8, 0x3DE8, 0x3DE8,
  0x3DE8, 0x3DE8, 0x3DE8, 0x3DE8, 0x3DE8, 0x3DE8, 0x3DE8, 0x3DE8, 0x3DE8, 0x3DE8, 0x3DE8, 0x3DE8, 0x3DE8, 0x3DE8, 0x3DE8, 0x3DE8,
  0x3DE8, 0x3DE8, 0x3DE8, 0x3DE8, 0x3DE8, 0x3DE8, 0x3DE8, 0x3DE8, 0x3DE8, 0x3DE8, 0x3DE8, 0x3DE8, 0x3DE8, 0x3DE8, 0x3DE8, 0x3DE8,
  0x3DE8, 0x6EE9, 0x3DE8, 0x3DE8, 0x3DE8, 0x3DE8, 0x3DE8, 0x3DE8, 0x3DE8, 0x3DE8, 0x3DE8, 0x3DE8, 0x3DE8, 0x3DE8, 0x3DE8, 0x3DE8,
  0x3DE8, 0x3DE8, 0x3DE8, 0x3DE8, 0x3DE8, 0x3DE8, 0x3DE8, 0x3DE8, 0x3DE8, 0x3DE8, 0x3DE8, 0x3DE8, 0x3DE8, 0x3DE8, 0x3DE8, 0x3DE8,
  0x3DE8, 0x3DE8, 0x3DE8, 0x3DE8, 0x3DE8, 0x3DE8, 0x3DE8, 0x6EE9, 0x3DE8, 0x3DE8, 0x6EE9, 0x3DE8, 0x3DE8, 0x3DE8, 0x3DE8, 0x3DE8,
  0x3DE8, 0x3DE8, 0x3DE8, 0x3DE8, 0x3DE8, 0x3DE8, 0x3DE8, 0x2CA7, 0x6EE9, 0x3DE8, 0x6EE9, 0x3DE8, 0x3DE8, 0x3DE8, 0x3DE8, 0x3DE8,
  0x3DE8, 0x3DE8, 0x3DE8, 0x3DE8, 0x3DE8, 0x3DE8, 0x3DE8, 0x3DE8, 0x6EE9, 0x3DE8, 0x6EE9, 0x3DE8, 0x3DE8, 0x3DE8, 0x3DE8, 0x3DE8,
  0x3DE8, 0x3DE8, 0x3DE8, 0x3DE8, 0x3DE8, 0x3DE8, 0x3DE8, 0x3DE8, 0x2CA7, 0x3DE8, 0x2CA7, 0x3DE8, 0x3DE8, 0x3DE8, 0x3DE8, 0x3DE8
};

static const uint16_t tile_grass2[256] PROGMEM = {
  0x0821, 0x0821, 0x0821, 0x0821, 0x0821, 0x0821, 0x0821, 0x0821, 0x0821, 0x0821, 0x0821, 0x0821, 0x0821, 0x0821, 0x0821, 0x0821,
  0x0821, 0x0821, 0x0821, 0x0821, 0x0821, 0x0821, 0x0821, 0x0821, 0x0821, 0x0821, 0x0821, 0x0821, 0x0821, 0x0821, 0x0821, 0x0821,
  0x0821, 0x0821, 0x0821, 0x0821, 0x0821, 0x0821, 0x0821, 0x0821, 0x0821, 0x7AC9, 0x0821, 0x0821, 0x0821, 0x0821, 0x0821, 0x0821,
  0x0821, 0x0821, 0x0821, 0x0821, 0x0821, 0x0821, 0x7AC9, 0x7AC9, 0x7AC9, 0x7AC9, 0x0821, 0x0821, 0x0821, 0x0821, 0x0821, 0x0821,
  0x0821, 0x0821, 0x0821, 0x7AC9, 0x7AC9, 0x0821, 0x7AC9, 0x93CB, 0x93CB, 0x93CB, 0x7AC9, 0x0821, 0x0821, 0x0821, 0x0821, 0x0821,
  0x0821, 0x0821, 0x0821, 0x7AC9, 0x93CB, 0x7AC9, 0x93CB, 0x93CB, 0x93CB, 0x7AC9, 0x7AC9, 0x7AC9, 0x7AC9, 0x0821, 0x0821, 0x0821,
  0x0821, 0x0821, 0x7AC9, 0x93CB, 0x93CB, 0x93CB, 0x7AC9, 0x3DE8, 0x3468, 0x7AC9, 0x93CB, 0x93CB, 0x7AC9, 0x0821, 0x0821, 0x0821,
  0x0821, 0x0821, 0x0821, 0x93CB, 0x93CB, 0x93CB, 0x3DE8, 0x6EE9, 0x3DE8, 0x3468, 0x93CB, 0x93CB, 0x93CB, 0x7AC9, 0x0821, 0x0821,
  0x0821, 0x0821, 0x0821, 0x7AC9, 0x93CB, 0x93CB, 0x3468, 0x3DE8, 0x6EE9, 0x3DE8, 0x93CB, 0x7AC9, 0x93CB, 0x93CB, 0x0821, 0x0821,
  0x0821, 0x0821, 0x7AC9, 0x93CB, 0x93CB, 0x93CB, 0x7AC9, 0x3468, 0x3DE8, 0x7AC9, 0x93CB, 0x93CB, 0x93CB, 0x93CB, 0x0821, 0x0821,
  0x0821, 0x0821, 0x0821, 0x93CB, 0x93CB, 0x93CB, 0x93CB, 0x7AC9, 0x93CB, 0x93CB, 0x93CB, 0x93CB, 0x7AC9, 0x0821, 0x0821, 0x0821,
  0x0821, 0x0821, 0x0821, 0x7AC9, 0x93CB, 0x93CB, 0x93CB, 0x93CB, 0x93CB, 0x93CB, 0x93CB, 0x93CB, 0x93CB, 0x0821, 0x0821, 0x0821,
  0x0821, 0x0821, 0x0821, 0x0821, 0x7AC9, 0x93CB, 0x93CB, 0x93CB, 0x93CB, 0x93CB, 0x93CB, 0x0821, 0x0821, 0x0821, 0x0821, 0x0821,
  0x0821, 0x0821, 0x0821, 0x0821, 0x0821, 0x0821, 0x0821, 0x0821, 0x0821, 0x0821, 0x0821, 0x0821, 0x0821, 0x0821, 0x0821, 0x0821,
  0x0821, 0x0821, 0x0821, 0x0821, 0x0821, 0x0821, 0x0821, 0x0821, 0x0821, 0x0821, 0x0821, 0x0821, 0x0821, 0x0821, 0x0821, 0x0821,
  0x0821, 0x0821, 0x0821, 0x0821, 0x0821, 0x0821, 0x0821, 0x0821, 0x0821, 0x0821, 0x0821, 0x0821, 0x0821, 0x0821, 0x0821, 0x0821
};

static const uint16_t tile_water_a[256] PROGMEM = {
  0x1BF7, 0x1BF7, 0x1BF7, 0x1BF7, 0x1BF7, 0x1BF7, 0x1BF7, 0x1BF7, 0x1BF7, 0x1BF7, 0x1BF7, 0x1BF7, 0x1BF7, 0x1BF7, 0x1BF7, 0x1BF7,
  0x1BF7, 0x1BF7, 0x1BF7, 0x1BF7, 0x1BF7, 0x1BF7, 0x1BF7, 0x1BF7, 0x1BF7, 0x1BF7, 0x1BF7, 0x1BF7, 0x1BF7, 0x1BF7, 0x1BF7, 0x1BF7,
  0x1BF7, 0x1BF7, 0x1BF7, 0x1BF7, 0x1BF7, 0x1BF7, 0x1BF7, 0x1BF7, 0x1BF7, 0x1BF7, 0x1BF7, 0x1BF7, 0x1BF7, 0x1BF7, 0x1BF7, 0x1BF7,
  0x1BF7, 0x1BF7, 0x1BF7, 0x1BF7, 0x1BF7, 0x2CBB, 0x1BF7, 0x1BF7, 0x1BF7, 0x1BF7, 0x2CBB, 0x1BF7, 0x1BF7, 0x1BF7, 0x1BF7, 0x1BF7,
  0x1BF7, 0x1BF7, 0x1BF7, 0x1BF7, 0x1BF7, 0x1BF7, 0x1BF7, 0x1BF7, 0x1BF7, 0x1BF7, 0x1BF7, 0x1BF7, 0x1BF7, 0x1BF7, 0x1BF7, 0x1BF7,
  0x1BF7, 0x1BF7, 0x1BF7, 0x1BF7, 0x1BF7, 0x1BF7, 0x2CBB, 0xFFFF, 0xFFFF, 0x2CBB, 0x1BF7, 0x1BF7, 0x1BF7, 0x1BF7, 0x1BF7, 0x1BF7,
  0x1BF7, 0x1BF7, 0x1BF7, 0x1BF7, 0x2CBB, 0xFFFF, 0xFFFF, 0x5D7C, 0x5D7C, 0xFFFF, 0xFFFF, 0x2CBB, 0x1BF7, 0x1BF7, 0x1BF7, 0x1BF7,
  0x1BF7, 0x2CBB, 0x5D7C, 0xFFFF, 0xFFFF, 0x5D7C, 0x2CBB, 0x2CBB, 0x2CBB, 0x2CBB, 0x5D7C, 0xFFFF, 0xFFFF, 0x5D7C, 0x2CBB, 0x1BF7,
  0x1BF7, 0x2CBB, 0x2CBB, 0x2CBB, 0x2CBB, 0x1BF7, 0x1BF7, 0x1BF7, 0x1BF7, 0x1BF7, 0x2CBB, 0x2CBB, 0x2CBB, 0x2CBB, 0x2CBB, 0x1BF7,
  0x1BF7, 0x1BF7, 0x2CBB, 0x2CBB, 0x1BF7, 0x1BF7, 0x1BF7, 0x1BF7, 0x1BF7, 0x1BF7, 0x1BF7, 0x1BF7, 0x2CBB, 0x2CBB, 0x1BF7, 0x1BF7,
  0x1BF7, 0x1BF7, 0x1BF7, 0x1BF7, 0x1BF7, 0x1BF7, 0x1BF7, 0x1BF7, 0x1BF7, 0x1BF7, 0x1BF7, 0x1BF7, 0x1BF7, 0x1BF7, 0x1BF7, 0x1BF7,
  0x1BF7, 0x1BF7, 0x1BF7, 0x1BF7, 0x1BF7, 0x2CBB, 0x1BF7, 0x1BF7, 0x1BF7, 0x1BF7, 0x2CBB, 0x1BF7, 0x1BF7, 0x1BF7, 0x1BF7, 0x1BF7,
  0x1BF7, 0x1BF7, 0x1BF7, 0x1BF7, 0x1BF7, 0x1BF7, 0x1BF7, 0x1BF7, 0x1BF7, 0x1BF7, 0x1BF7, 0x1BF7, 0x1BF7, 0x1BF7, 0x1BF7, 0x1BF7,
  0x1BF7, 0x1BF7, 0x1BF7, 0x1BF7, 0x1BF7, 0x1BF7, 0x1BF7, 0x1BF7, 0x1BF7, 0x1BF7, 0x1BF7, 0x1BF7, 0x1BF7, 0x1BF7, 0x1BF7, 0x1BF7,
  0x1BF7, 0x1BF7, 0x1BF7, 0x1BF7, 0x1BF7, 0x1BF7, 0x1BF7, 0x1BF7, 0x1BF7, 0x1BF7, 0x1BF7, 0x1BF7, 0x1BF7, 0x1BF7, 0x1BF7, 0x1BF7,
  0x1BF7, 0x1BF7, 0x1BF7, 0x1BF7, 0x1BF7, 0x1BF7, 0x1BF7, 0x1BF7, 0x1BF7, 0x1BF7, 0x1BF7, 0x1BF7, 0x1BF7, 0x1BF7, 0x1BF7, 0x1BF7
};

static const uint16_t tile_water_b[256] PROGMEM = {
  0x1BF7, 0x1BF7, 0x1BF7, 0x1BF7, 0x1BF7, 0x1BF7, 0x1BF7, 0x1BF7, 0x1BF7, 0x1BF7, 0x1BF7, 0x1BF7, 0x1BF7, 0x1BF7, 0x1BF7, 0x1BF7,
  0x1BF7, 0x1BF7, 0x1BF7, 0x1BF7, 0x1BF7, 0x1BF7, 0x1BF7, 0x1BF7, 0x1BF7, 0x1BF7, 0x1BF7, 0x1BF7, 0x1BF7, 0x1BF7, 0x1BF7, 0x1BF7,
  0x1BF7, 0x1BF7, 0x1BF7, 0x1BF7, 0x1BF7, 0x1BF7, 0x1BF7, 0x1BF7, 0x1BF7, 0x1BF7, 0x1BF7, 0x1BF7, 0x1BF7, 0x1BF7, 0x1BF7, 0x1BF7,
  0x1BF7, 0x1BF7, 0x1BF7, 0x1BF7, 0x1BF7, 0x1BF7, 0x1BF7, 0x1BF7, 0x1BF7, 0x1BF7, 0x1BF7, 0x1BF7, 0x1BF7, 0x1BF7, 0x1BF7, 0x1BF7,
  0x1BF7, 0x1BF7, 0x1BF7, 0x1BF7, 0x1BF7, 0x1BF7, 0x1BF7, 0x1BF7, 0x1BF7, 0x1BF7, 0x1BF7, 0x1BF7, 0x1BF7, 0x1BF7, 0x1BF7, 0x1BF7,
  0x1BF7, 0x1BF7, 0x1BF7, 0x1BF7, 0x1BF7, 0x1BF7, 0x1BF7, 0x1BF7, 0x1BF7, 0x1BF7, 0x1BF7, 0x1BF7, 0x1BF7, 0x1BF7, 0x1BF7, 0x1BF7,
  0x1BF7, 0x1BF7, 0x1BF7, 0x1BF7, 0x1BF7, 0x2CBB, 0x5D7C, 0xFFFF, 0xFFFF, 0x5D7C, 0x2CBB, 0x1BF7, 0x1BF7, 0x1BF7, 0x1BF7, 0x1BF7,
  0x1BF7, 0x1BF7, 0x1BF7, 0x2CBB, 0x5D7C, 0x2CBB, 0x1BF7, 0x1BF7, 0x1BF7, 0x1BF7, 0x2CBB, 0x5D7C, 0x2CBB, 0x1BF7, 0x1BF7, 0x1BF7,
  0x1BF7, 0x1BF7, 0x1BF7, 0x1BF7, 0x1BF7, 0x1BF7, 0x1BF7, 0x2CBB, 0x2CBB, 0x1BF7, 0x1BF7, 0x1BF7, 0x1BF7, 0x1BF7, 0x1BF7, 0x1BF7,
  0x1BF7, 0x1BF7, 0x1BF7, 0x1BF7, 0x2CBB, 0x5D7C, 0xFFFF, 0xFFFF, 0xFFFF, 0xFFFF, 0x5D7C, 0x2CBB, 0x1BF7, 0x1BF7, 0x1BF7, 0x1BF7,
  0x1BF7, 0x1BF7, 0x1BF7, 0x2CBB, 0xFFFF, 0x5D7C, 0x2CBB, 0x1BF7, 0x1BF7, 0x2CBB, 0x5D7C, 0xFFFF, 0x2CBB, 0x1BF7, 0x1BF7, 0x1BF7,
  0x1BF7, 0x1BF7, 0x2CBB, 0x1BF7, 0x1BF7, 0x1BF7, 0x1BF7, 0x1BF7, 0x1BF7, 0x1BF7, 0x1BF7, 0x1BF7, 0x1BF7, 0x2CBB, 0x1BF7, 0x1BF7,
  0x1BF7, 0x1BF7, 0x1BF7, 0x1BF7, 0x1BF7, 0x1BF7, 0x1BF7, 0x1BF7, 0x1BF7, 0x1BF7, 0x1BF7, 0x1BF7, 0x1BF7, 0x1BF7, 0x1BF7, 0x1BF7,
  0x1BF7, 0x1BF7, 0x1BF7, 0x1BF7, 0x1BF7, 0x1BF7, 0x1BF7, 0x1BF7, 0x1BF7, 0x1BF7, 0x1BF7, 0x1BF7, 0x1BF7, 0x1BF7, 0x1BF7, 0x1BF7,
  0x1BF7, 0x1BF7, 0x1BF7, 0x1BF7, 0x1BF7, 0x1BF7, 0x1BF7, 0x1BF7, 0x1BF7, 0x1BF7, 0x1BF7, 0x1BF7, 0x1BF7, 0x1BF7, 0x1BF7, 0x1BF7,
  0x1BF7, 0x1BF7, 0x1BF7, 0x1BF7, 0x1BF7, 0x1BF7, 0x1BF7, 0x1BF7, 0x1BF7, 0x1BF7, 0x1BF7, 0x1BF7, 0x1BF7, 0x1BF7, 0x1BF7, 0x1BF7
};

static const uint16_t tile_water_c[256] PROGMEM = {
  0x3DE8, 0x3DE8, 0x3DE8, 0x3DE8, 0x3DE8, 0x3DE8, 0x3DE8, 0x3DE8, 0x3DE8, 0x3DE8, 0x3DE8, 0x3DE8, 0x3DE8, 0x3DE8, 0x3DE8, 0x3DE8,
  0x3DE8, 0x3DE8, 0x3DE8, 0x3DE8, 0x3DE8, 0x3DE8, 0x3DE8, 0x3DE8, 0x3DE8, 0x3DE8, 0x3DE8, 0x3DE8, 0x3DE8, 0x3DE8, 0x3DE8, 0x3DE8,
  0x3DE8, 0x3DE8, 0x6EE9, 0x3DE8, 0x3DE8, 0x3DE8, 0x3DE8, 0x3DE8, 0x3DE8, 0x3DE8, 0x3DE8, 0x3DE8, 0x6EE9, 0x3DE8, 0x3DE8, 0x3DE8,
  0x6EE9, 0x3DE8, 0x6EE9, 0x6EE9, 0x3DE8, 0x6EE9, 0x3DE8, 0x3DE8, 0x3DE8, 0x3DE8, 0x3DE8, 0x3DE8, 0x6EE9, 0x3DE8, 0x3DE8, 0x3DE8,
  0x6EE9, 0x6EE9, 0x6EE9, 0x6EE9, 0x6EE9, 0x6EE9, 0x3DE8, 0x3DE8, 0x3DE8, 0x3DE8, 0x3DE8, 0x3DE8, 0x3468, 0x3DE8, 0x3DE8, 0x3DE8,
  0x3468, 0x6EE9, 0x6EE9, 0x3468, 0x6EE9, 0x3468, 0x3DE8, 0x3DE8, 0x6EE9, 0x3DE8, 0x3DE8, 0x3DE8, 0x3DE8, 0x3DE8, 0x3DE8, 0x3DE8,
  0x3DE8, 0x3468, 0x3468, 0x3468, 0x3468, 0x3DE8, 0x3DE8, 0x3DE8, 0x3DE8, 0x3DE8, 0x3DE8, 0x3DE8, 0x3DE8, 0x3DE8, 0x3DE8, 0x3DE8,
  0x3DE8, 0x3DE8, 0x3DE8, 0x3DE8, 0x3DE8, 0x3DE8, 0x3DE8, 0x3DE8, 0x3DE8, 0x3DE8, 0x3DE8, 0x3DE8, 0x3DE8, 0x3DE8, 0x3DE8, 0x3DE8,
  0x3DE8, 0x3DE8, 0x3DE8, 0x3DE8, 0x3DE8, 0x3DE8, 0x3DE8, 0x3DE8, 0x3DE8, 0x6EE9, 0x3DE8, 0x3DE8, 0x3DE8, 0x3DE8, 0x3DE8, 0x3DE8,
  0x3DE8, 0x3DE8, 0x3DE8, 0x3DE8, 0x3DE8, 0x3DE8, 0x3DE8, 0x3DE8, 0x6EE9, 0x3468, 0x3DE8, 0x3DE8, 0x3DE8, 0x3DE8, 0x3DE8, 0x3DE8,
  0x3DE8, 0x3DE8, 0x3DE8, 0x3DE8, 0x3DE8, 0x3DE8, 0x6EE9, 0x3DE8, 0x6EE9, 0x3DE8, 0x6EE9, 0x6EE9, 0x3DE8, 0x3DE8, 0x3DE8, 0x3468,
  0x3DE8, 0x3DE8, 0x3DE8, 0x3DE8, 0x3DE8, 0x3DE8, 0x3468, 0x3DE8, 0x3468, 0x3DE8, 0x6EE9, 0x6EE9, 0x3DE8, 0x3468, 0x3468, 0x3468,
  0x3DE8, 0x3DE8, 0x3DE8, 0x3DE8, 0x3DE8, 0x3DE8, 0x3DE8, 0x3DE8, 0x3DE8, 0x3DE8, 0x3DE8, 0x3DE8, 0x3468, 0x3468, 0x3468, 0x9E6C,
  0x3DE8, 0x3DE8, 0x3DE8, 0x3DE8, 0x3DE8, 0x3DE8, 0x3DE8, 0x3DE8, 0x3DE8, 0x3DE8, 0x3DE8, 0x3DE8, 0x3468, 0x766B, 0x3468, 0xE7CF,
  0x3DE8, 0x3DE8, 0x3DE8, 0x3DE8, 0x6EE9, 0x3DE8, 0x3DE8, 0x3DE8, 0x3DE8, 0x3DE8, 0x3DE8, 0x3468, 0x3468, 0xA7CD, 0x766B, 0xA7CD,
  0x3DE8, 0x3DE8, 0x3DE8, 0x3DE8, 0x3DE8, 0x3DE8, 0x3DE8, 0x3DE8, 0x3DE8, 0x3DE8, 0x3DE8, 0x3468, 0x9E6C, 0xE7CF, 0xA7CD, 0xA7CD
};

static const uint16_t tile_tree_tl[256] PROGMEM = {
  0xA7CD, 0xA7CD, 0xE7CF, 0xE7CF, 0xE7CF, 0xE7CF, 0xA7CD, 0xA7CD, 0xA7CD, 0xE7CF, 0xE7CF, 0xE7CF, 0xE7CF, 0xE7CF, 0xE7CF, 0xA7CD,
  0xA7CD, 0xA7CD, 0xA7CD, 0xE7CF, 0xE7CF, 0xE7CF, 0xE7CF, 0xA7CD, 0xA7CD, 0xA7CD, 0xA7CD, 0xA7CD, 0xE7CF, 0xE7CF, 0xE7CF, 0xE7CF,
  0xE7CF, 0xA7CD, 0xA7CD, 0xE7CF, 0xE7CF, 0xE7CF, 0xE7CF, 0xE7CF, 0xE7CF, 0xA7CD, 0xA7CD, 0x3DE8, 0xA7CD, 0xA7CD, 0xE7CF, 0xE7CF,
  0xE7CF, 0xA7CD, 0xA7CD, 0xE7CF, 0xE7CF, 0xE7CF, 0xE7CF, 0xE7CF, 0xE7CF, 0xE7CF, 0x3DE8, 0x3DE8, 0x3DE8, 0xA7CD, 0xA7CD, 0xE7CF,
  0xE7CF, 0xE7CF, 0xA7CD, 0xA7CD, 0xE7CF, 0xE7CF, 0xE7CF, 0xE7CF, 0x3DE8, 0x3DE8, 0x3DE8, 0x3DE8, 0x3DE8, 0x3DE8, 0x3DE8, 0xE7CF,
  0xE7CF, 0xE7CF, 0xA7CD, 0xA7CD, 0x3DE8, 0x3DE8, 0xA7CD, 0x3DE8, 0x3DE8, 0x3DE8, 0x3DE8, 0x3DE8, 0x3DE8, 0x3DE8, 0x3DE8, 0x3DE8,
  0xE7CF, 0xE7CF, 0xE7CF, 0xE7CF, 0x3468, 0x3DE8, 0x3DE8, 0x3DE8, 0x3DE8, 0x3DE8, 0x3DE8, 0x3DE8, 0x3DE8, 0x3DE8, 0x3DE8, 0x3DE8,
  0xE7CF, 0xE7CF, 0xE7CF, 0xE7CF, 0x3468, 0x3DE8, 0x3DE8, 0x3DE8, 0x3DE8, 0x3DE8, 0x3DE8, 0x3DE8, 0x3DE8, 0x3DE8, 0x3DE8, 0x3DE8,
  0xE7CF, 0xE7CF, 0xE7CF, 0xE7CF, 0x3DE8, 0x3DE8, 0x3DE8, 0x3DE8, 0x3DE8, 0x3DE8, 0x3DE8, 0x3DE8, 0x3DE8, 0x3DE8, 0x3DE8, 0x3DE8,
  0xA7CD, 0xA7CD, 0xA7CD, 0x3DE8, 0x3DE8, 0x3DE8, 0x3DE8, 0x3DE8, 0x3DE8, 0x3DE8, 0x3DE8, 0x3DE8, 0x3DE8, 0x3DE8, 0x3DE8, 0x3DE8,
  0xA7CD, 0xA7CD, 0xA7CD, 0x3468, 0x3468, 0x6EE9, 0x3DE8, 0x6EE9, 0x3DE8, 0x3DE8, 0x3DE8, 0x3DE8, 0x3DE8, 0x3DE8, 0x3DE8, 0x3DE8,
  0xE7CF, 0xE7CF, 0xE7CF, 0x3468, 0x3468, 0x6EE9, 0x6EE9, 0x6EE9, 0x3DE8, 0x3DE8, 0x3DE8, 0x3DE8, 0x6EE9, 0x3DE8, 0x3DE8, 0x3DE8,
  0xE7CF, 0xE7CF, 0xE7CF, 0x9E6C, 0x3DE8, 0x3468, 0x6EE9, 0x3468, 0x3DE8, 0x3DE8, 0x6EE9, 0x3DE8, 0x6EE9, 0x6EE9, 0x3DE8, 0x6EE9,
  0xE7CF, 0xE7CF, 0xE7CF, 0xE7CF, 0x3DE8, 0x3DE8, 0x3468, 0x3DE8, 0x3DE8, 0x3DE8, 0x6EE9, 0x6EE9, 0x6EE9, 0x6EE9, 0x6EE9, 0x6EE9,
  0xE7CF, 0xE7CF, 0xE7CF, 0xE7CF, 0x3DE8, 0x3DE8, 0x3DE8, 0x3DE8, 0x3DE8, 0x3DE8, 0x3468, 0x6EE9, 0x6EE9, 0x3468, 0x6EE9, 0x3468,
  0xA7CD, 0xE7CF, 0xE7CF, 0x3DE8, 0x3DE8, 0x3DE8, 0x3DE8, 0x3DE8, 0x3DE8, 0x3DE8, 0x3DE8, 0x3468, 0x3468, 0x3468, 0x3468, 0x3DE8
};

static const uint16_t tile_tree_tr[256] PROGMEM = {
  0xA7CD, 0xA7CD, 0xE7CF, 0xE7CF, 0xE7CF, 0xE7CF, 0xA7CD, 0xA7CD, 0xA7CD, 0xE7CF, 0xE7CF, 0xE7CF, 0xE7CF, 0xE7CF, 0xE7CF, 0xA7CD,
  0xA7CD, 0xA7CD, 0xA7CD, 0xE7CF, 0xE7CF, 0xE7CF, 0xE7CF, 0xA7CD, 0xA7CD, 0xA7CD, 0xA7CD, 0xA7CD, 0xE7CF, 0xE7CF, 0xE7CF, 0xE7CF,
  0xE7CF, 0xA7CD, 0xA7CD, 0xE7CF, 0xE7CF, 0xE7CF, 0xE7CF, 0xE7CF, 0xE7CF, 0xA7CD, 0xA7CD, 0xA7CD, 0xA7CD, 0xA7CD, 0xE7CF, 0xE7CF,
  0xE7CF, 0xA7CD, 0xA7CD, 0xE7CF, 0xE7CF, 0xE7CF, 0x3DE8, 0xE7CF, 0xE7CF, 0xE7CF, 0xE7CF, 0xE7CF, 0xA7CD, 0xA7CD, 0xA7CD, 0xE7CF,
  0x3DE8, 0xE7CF, 0xA7CD, 0x3DE8, 0x3DE8, 0x3DE8, 0x3DE8, 0x3DE8, 0xE7CF, 0xE7CF, 0xE7CF, 0xE7CF, 0xE7CF, 0xA7CD, 0xA7CD, 0xE7CF,
  0x3DE8, 0x3DE8, 0x3DE8, 0x3DE8, 0x3DE8, 0x3DE8, 0x3DE8, 0x3DE8, 0xE7CF, 0xE7CF, 0xE7CF, 0xE7CF, 0xE7CF, 0xE7CF, 0xA7CD, 0xA7CD,
  0x3DE8, 0x3DE8, 0x3DE8, 0x3DE8, 0x3DE8, 0x3DE8, 0x3DE8, 0x3DE8, 0x3DE8, 0xE7CF, 0xE7CF, 0xE7CF, 0xE7CF, 0xE7CF, 0xA7CD, 0xA7CD,
  0x3DE8, 0x3DE8, 0x3DE8, 0x3DE8, 0x3DE8, 0x3DE8, 0x3DE8, 0x3DE8, 0x3DE8, 0x3DE8, 0x3DE8, 0xE7CF, 0xE7CF, 0xE7CF, 0xA7CD, 0xA7CD,
  0x3DE8, 0x3DE8, 0x3DE8, 0x3DE8, 0x3DE8, 0x3DE8, 0x3DE8, 0x3DE8, 0x3DE8, 0x3DE8, 0x3468, 0xE7CF, 0xE7CF, 0xE7CF, 0xE7CF, 0xA7CD,
  0x3DE8, 0x3DE8, 0x3DE8, 0x3DE8, 0x3DE8, 0x3DE8, 0x3DE8, 0x3DE8, 0x3DE8, 0x3DE8, 0x3DE8, 0xE7CF, 0xE7CF, 0xE7CF, 0xE7CF, 0xA7CD,
  0x3DE8, 0x3DE8, 0x3DE8, 0x3DE8, 0x3DE8, 0x3DE8, 0x3DE8, 0x3DE8, 0x3DE8, 0x3DE8, 0x3DE8, 0x3DE8, 0xE7CF, 0xE7CF, 0xE7CF, 0xE7CF,
  0x3DE8, 0x3DE8, 0x3DE8, 0x6EE9, 0x3DE8, 0x3DE8, 0x3DE8, 0x3DE8, 0x3DE8, 0x3DE8, 0x3DE8, 0x3DE8, 0x3DE8, 0xE7CF, 0xE7CF, 0xE7CF,
  0x3DE8, 0x3DE8, 0x3DE8, 0x6EE9, 0x3DE8, 0x6EE9, 0x3DE8, 0x3DE8, 0x3DE8, 0x3DE8, 0x3DE8, 0x3DE8, 0x3468, 0xE7CF, 0xE7CF, 0xE7CF,
  0x3DE8, 0x3DE8, 0x3DE8, 0x6EE9, 0x3DE8, 0x6EE9, 0x3DE8, 0x3DE8, 0x3DE8, 0x3DE8, 0x3DE8, 0x3468, 0x766B, 0xA7CD, 0xA7CD, 0xE7CF,
  0x3DE8, 0x3DE8, 0x3DE8, 0x3468, 0x3DE8, 0x3468, 0x3DE8, 0x3DE8, 0x3DE8, 0x3DE8, 0x3DE8, 0x9E6C, 0xA7CD, 0xA7CD, 0xA7CD, 0xA7CD,
  0x3DE8, 0x3DE8, 0x3DE8, 0x3DE8, 0x3DE8, 0x3DE8, 0x3DE8, 0x3DE8, 0x3DE8, 0x3DE8, 0x3DE8, 0x3DE8, 0xE7CF, 0xE7CF, 0xA7CD, 0xA7CD
};

static const uint16_t tile_tree_bl[256] PROGMEM = {
  0xA7CD, 0xA7CD, 0xE7CF, 0x3468, 0x3DE8, 0x3DE8, 0x3DE8, 0x3DE8, 0x3DE8, 0x3DE8, 0x3DE8, 0x3DE8, 0x3DE8, 0x3DE8, 0x3DE8, 0x3DE8,
  0xA7CD, 0xA7CD, 0xA7CD, 0x3468, 0x3DE8, 0x3DE8, 0x3DE8, 0x6EE9, 0x3DE8, 0x3DE8, 0x3DE8, 0x3DE8, 0x3DE8, 0x3DE8, 0x3DE8, 0x6EE9,
  0xE7CF, 0xA7CD, 0xA7CD, 0x9E6C, 0x3DE8, 0x6EE9, 0x3DE8, 0x6EE9, 0x6EE9, 0x3DE8, 0x6EE9, 0x3DE8, 0x3DE8, 0x3DE8, 0x6EE9, 0x3468,
  0xE7CF, 0xA7CD, 0xA7CD, 0xE7CF, 0x3DE8, 0x6EE9, 0x6EE9, 0x6EE9, 0x6EE9, 0x6EE9, 0x6EE9, 0x3DE8, 0x6EE9, 0x3DE8, 0x6EE9, 0x3DE8,
  0xE7CF, 0xE7CF, 0xA7CD, 0xA7CD, 0x3468, 0x3468, 0x6EE9, 0x3468, 0x6EE9, 0x6EE9, 0x3468, 0x3DE8, 0x3DE8, 0x3DE8, 0x3468, 0x3DE8,
  0xE7CF, 0xE7CF, 0xA7CD, 0xA7CD, 0x3468, 0x3DE8, 0x3468, 0x3468, 0x3468, 0x3468, 0x3DE8, 0x3DE8, 0x3DE8, 0x3DE8, 0x3DE8, 0x3DE8,
  0xE7CF, 0xE7CF, 0xE7CF, 0xE7CF, 0x766B, 0x3468, 0x3DE8, 0x3DE8, 0x3DE8, 0x3DE8, 0x3DE8, 0x3DE8, 0x3DE8, 0x3DE8, 0x3DE8, 0x3DE8,
  0xE7CF, 0xE7CF, 0xE7CF, 0xE7CF, 0xE7CF, 0x3468, 0x3468, 0x3DE8, 0x6EE9, 0x3DE8, 0x3DE8, 0x3DE8, 0x3DE8, 0x3DE8, 0x3DE8, 0x3DE8,
  0xE7CF, 0xE7CF, 0xE7CF, 0xE7CF, 0xE7CF, 0x3DE8, 0x3DE8, 0x3DE8, 0x3DE8, 0x3DE8, 0x3DE8, 0x3DE8, 0x3DE8, 0x3DE8, 0x3DE8, 0x3DE8,
  0xA7CD, 0xA7CD, 0xA7CD, 0xE7CF, 0xE7CF, 0x3468, 0x3468, 0x3DE8, 0x3468, 0x3468, 0x3DE8, 0x3DE8, 0x3DE8, 0x3468, 0x3DE8, 0x3468,
  0xA7CD, 0xA7CD, 0xA7CD, 0xA7CD, 0xA7CD, 0xE7CF, 0x3468, 0x3468, 0x3468, 0x3468, 0x3468, 0x3468, 0x3468, 0x3468, 0x3468, 0x3468,
  0xE7CF, 0xE7CF, 0xE7CF, 0xA7CD, 0xA7CD, 0xA7CD, 0xE7CF, 0x3468, 0x9E6C, 0x766B, 0x766B, 0x3468, 0x3468, 0x9E6C, 0x3468, 0x9E6C,
  0xE7CF, 0xE7CF, 0xE7CF, 0xE7CF, 0xA7CD, 0xA7CD, 0xE7CF, 0xE7CF, 0xE7CF, 0xE7CF, 0xA7CD, 0x766B, 0x9E6C, 0xE7CF, 0x9E6C, 0xE7CF,
  0xE7CF, 0xE7CF, 0xE7CF, 0xE7CF, 0xE7CF, 0xA7CD, 0xA7CD, 0xE7CF, 0xE7CF, 0xE7CF, 0xA7CD, 0xA7CD, 0xA7CD, 0xA7CD, 0xA7CD, 0xE7CF,
  0xE7CF, 0xE7CF, 0xE7CF, 0xE7CF, 0xE7CF, 0xA7CD, 0xA7CD, 0xE7CF, 0xE7CF, 0xE7CF, 0xE7CF, 0xE7CF, 0xA7CD, 0xA7CD, 0xA7CD, 0xA7CD,
  0xA7CD, 0xE7CF, 0xE7CF, 0xE7CF, 0xE7CF, 0xA7CD, 0xA7CD, 0xA7CD, 0xE7CF, 0xE7CF, 0xE7CF, 0xE7CF, 0xE7CF, 0xE7CF, 0xA7CD, 0xA7CD
};

static const uint16_t tile_tree_br[256] PROGMEM = {
  0x3DE8, 0x3DE8, 0x3DE8, 0x3DE8, 0x3DE8, 0x3DE8, 0x3DE8, 0x3DE8, 0x3DE8, 0x3DE8, 0x3DE8, 0x3DE8, 0xE7CF, 0xE7CF, 0xE7CF, 0xA7CD,
  0x3DE8, 0x6EE9, 0x3DE8, 0x3DE8, 0x3DE8, 0x3DE8, 0x3DE8, 0x3DE8, 0x3DE8, 0x3DE8, 0x3DE8, 0x3468, 0xE7CF, 0xE7CF, 0xE7CF, 0xE7CF,
  0x3DE8, 0x3DE8, 0x3DE8, 0x3DE8, 0x3DE8, 0x3DE8, 0x3DE8, 0x3DE8, 0x3DE8, 0x3DE8, 0x3DE8, 0x766B, 0xA7CD, 0xA7CD, 0xE7CF, 0xE7CF,
  0x3DE8, 0x3DE8, 0x3DE8, 0x3DE8, 0x3DE8, 0x3DE8, 0x3DE8, 0x6EE9, 0x3DE8, 0x3DE8, 0x3DE8, 0x3468, 0xA7CD, 0xA7CD, 0xA7CD, 0xE7CF,
  0x3DE8, 0x3DE8, 0x3DE8, 0x3DE8, 0x3DE8, 0x3DE8, 0x3DE8, 0x6EE9, 0x3DE8, 0x3DE8, 0x3468, 0x9E6C, 0xE7CF, 0xA7CD, 0xA7CD, 0xE7CF,
  0x3DE8, 0x3DE8, 0x3DE8, 0x3DE8, 0x3DE8, 0x3DE8, 0x3DE8, 0x3DE8, 0x3DE8, 0x3DE8, 0x3DE8, 0xE7CF, 0xE7CF, 0xE7CF, 0xA7CD, 0xA7CD,
  0x3DE8, 0x3DE8, 0x3DE8, 0x3DE8, 0x3DE8, 0x6EE9, 0x3DE8, 0x3DE8, 0x3DE8, 0x3DE8, 0x3468, 0xE7CF, 0xE7CF, 0xE7CF, 0xA7CD, 0xA7CD,
  0x3DE8, 0x3DE8, 0x3DE8, 0x3DE8, 0x3DE8, 0x3DE8, 0x3DE8, 0x3DE8, 0x3DE8, 0x3468, 0x9E6C, 0xE7CF, 0xE7CF, 0xE7CF, 0xA7CD, 0xA7CD,
  0x3DE8, 0x3DE8, 0x3DE8, 0x3DE8, 0x3DE8, 0x3DE8, 0x3468, 0x3468, 0x3DE8, 0x766B, 0xE7CF, 0xE7CF, 0xE7CF, 0xE7CF, 0xE7CF, 0xA7CD,
  0x3468, 0x3DE8, 0x3DE8, 0x3DE8, 0x3DE8, 0x3468, 0x3468, 0x3468, 0x3468, 0xA7CD, 0xA7CD, 0xE7CF, 0xE7CF, 0xE7CF, 0xE7CF, 0xA7CD,
  0x3468, 0x3468, 0x3DE8, 0x3468, 0x3DE8, 0x3468, 0x3468, 0xE7CF, 0x3468, 0xA7CD, 0xA7CD, 0xE7CF, 0xE7CF, 0xE7CF, 0xE7CF, 0xE7CF,
  0x9E6C, 0x3468, 0x3468, 0x3468, 0x3468, 0x766B, 0x9E6C, 0xE7CF, 0xE7CF, 0xA7CD, 0xA7CD, 0xE7CF, 0xE7CF, 0xE7CF, 0xE7CF, 0xE7CF,
  0xE7CF, 0x9E6C, 0x3468, 0x9E6C, 0x3468, 0xA7CD, 0xE7CF, 0xE7CF, 0xE7CF, 0xE7CF, 0xA7CD, 0xA7CD, 0xE7CF, 0xE7CF, 0xE7CF, 0xE7CF,
  0xE7CF, 0xE7CF, 0x9E6C, 0xE7CF, 0x9E6C, 0xA7CD, 0xA7CD, 0xE7CF, 0xE7CF, 0xE7CF, 0xA7CD, 0xA7CD, 0xA7CD, 0xA7CD, 0xA7CD, 0xE7CF,
  0xE7CF, 0xE7CF, 0xE7CF, 0xE7CF, 0xE7CF, 0xA7CD, 0xA7CD, 0xE7CF, 0xE7CF, 0xE7CF, 0xE7CF, 0xE7CF, 0xA7CD, 0xA7CD, 0xA7CD, 0xA7CD,
  0xA7CD, 0xE7CF, 0xE7CF, 0xE7CF, 0xE7CF, 0xA7CD, 0xA7CD, 0xA7CD, 0xE7CF, 0xE7CF, 0xE7CF, 0xE7CF, 0xE7CF, 0xE7CF, 0xA7CD, 0xA7CD
};

static const uint16_t tile_sand[256] PROGMEM = {
  0xA7CD, 0xA7CD, 0xE7CF, 0xE7CF, 0xE7CF, 0xE7CF, 0xE7CF, 0xA7CD, 0xA7CD, 0xE7CF, 0xE7CF, 0xE7CF, 0xE7CF, 0xE7CF, 0xE7CF, 0xA7CD,
  0xA7CD, 0xA7CD, 0xA7CD, 0xE7CF, 0xE7CF, 0xE7CF, 0xE7CF, 0xA7CD, 0xA7CD, 0xA7CD, 0xA7CD, 0xA7CD, 0xE7CF, 0xE7CF, 0xE7CF, 0xE7CF,
  0xE7CF, 0xA7CD, 0xA7CD, 0xE7CF, 0xE7CF, 0xE7CF, 0xE7CF, 0xE7CF, 0xE7CF, 0xA7CD, 0xA7CD, 0xA7CD, 0xA7CD, 0xA7CD, 0xE7CF, 0xE7CF,
  0xE7CF, 0xA7CD, 0xA7CD, 0xE7CF, 0xE7CF, 0xE7CF, 0xE7CF, 0xE7CF, 0xE7CF, 0xE7CF, 0xE7CF, 0xE7CF, 0xA7CD, 0xA7CD, 0xA7CD, 0xE7CF,
  0xE7CF, 0xE7CF, 0xA7CD, 0xA7CD, 0xE7CF, 0xE7CF, 0xE7CF, 0xE7CF, 0xE7CF, 0xE7CF, 0xE7CF, 0xE7CF, 0xE7CF, 0xA7CD, 0xA7CD, 0xE7CF,
  0xE7CF, 0xE7CF, 0xA7CD, 0xA7CD, 0xA7CD, 0xA7CD, 0xA7CD, 0xE7CF, 0xE7CF, 0xE7CF, 0xE7CF, 0xE7CF, 0xE7CF, 0xE7CF, 0xA7CD, 0xA7CD,
  0xE7CF, 0xE7CF, 0xE7CF, 0xE7CF, 0xA7CD, 0xA7CD, 0xA7CD, 0xA7CD, 0xA7CD, 0xE7CF, 0xE7CF, 0xE7CF, 0xE7CF, 0xE7CF, 0xA7CD, 0xA7CD,
  0xE7CF, 0xE7CF, 0xE7CF, 0xE7CF, 0xE7CF, 0xE7CF, 0xE7CF, 0xA7CD, 0xA7CD, 0xA7CD, 0xE7CF, 0xE7CF, 0xE7CF, 0xE7CF, 0xA7CD, 0xA7CD,
  0xE7CF, 0xE7CF, 0xE7CF, 0xE7CF, 0xE7CF, 0xE7CF, 0xE7CF, 0xE7CF, 0xA7CD, 0xA7CD, 0xE7CF, 0xE7CF, 0xE7CF, 0x86A9, 0x86A9, 0xA7CD,
  0xA7CD, 0xA7CD, 0xA7CD, 0xE7CF, 0xE7CF, 0xE7CF, 0xE7CF, 0xE7CF, 0xE7CF, 0xA7CD, 0xA7CD, 0x86A9, 0x86A9, 0x3DE8, 0x3DE8, 0x86A9,
  0xA7CD, 0xA7CD, 0xA7CD, 0xA7CD, 0xA7CD, 0xE7CF, 0xE7CF, 0xE7CF, 0xE7CF, 0xA7CD, 0x86A9, 0x3DE8, 0x3DE8, 0x3DE8, 0x3DE8, 0x3DE8,
  0xE7CF, 0xE7CF, 0xE7CF, 0xA7CD, 0xA7CD, 0xA7CD, 0xE7CF, 0xE7CF, 0xE7CF, 0x86A9, 0x3DE8, 0x3DE8, 0x3DE8, 0xFFFF, 0xFFFF, 0x3DE8,
  0xE7CF, 0xE7CF, 0xE7CF, 0xE7CF, 0xA7CD, 0xA7CD, 0xE7CF, 0xE7CF, 0xE7CF, 0x3DE8, 0x3DE8, 0xFFFF, 0xFFFF, 0x5D7C, 0x5D7C, 0xFFFF,
  0xE7CF, 0xE7CF, 0xE7CF, 0xE7CF, 0xE7CF, 0xA7CD, 0xA7CD, 0xE7CF, 0xE7CF, 0x3DE8, 0xFFFF, 0x5D7C, 0x5D7C, 0x1BF7, 0x12F1, 0x12F1,
  0xE7CF, 0xE7CF, 0xE7CF, 0xE7CF, 0xE7CF, 0xA7CD, 0xA7CD, 0xE7CF, 0xE7CF, 0x3DE8, 0xFFFF, 0x5D7C, 0x1BF7, 0x12F1, 0x12F1, 0x12F1,
  0xA7CD, 0xE7CF, 0xE7CF, 0xE7CF, 0xE7CF, 0xA7CD, 0xA7CD, 0xE7CF, 0xE7CF, 0xE7CF, 0x86A9, 0xFFFF, 0x12F1, 0x12F1, 0x12F1, 0x1BF7
};

static const uint16_t tile_sand2[256] PROGMEM = {
  0xA7CD, 0xA7CD, 0xE7CF, 0xE7CF, 0xE7CF, 0xE7CF, 0xE7CF, 0xA7CD, 0xA7CD, 0xE7CF, 0x86A9, 0xFFFF, 0x1BF7, 0x1BF7, 0x1BF7, 0x1BF7,
  0xA7CD, 0xA7CD, 0xA7CD, 0xE7CF, 0xE7CF, 0xE7CF, 0xE7CF, 0xA7CD, 0xA7CD, 0xA7CD, 0x86A9, 0xFFFF, 0x1BF7, 0x1BF7, 0x1BF7, 0x1BF7,
  0xE7CF, 0xA7CD, 0xA7CD, 0xE7CF, 0xE7CF, 0xE7CF, 0xE7CF, 0xE7CF, 0xE7CF, 0xA7CD, 0x86A9, 0xFFFF, 0x1BF7, 0x1BF7, 0x1BF7, 0x1BF7,
  0xE7CF, 0xA7CD, 0xA7CD, 0xE7CF, 0xE7CF, 0xE7CF, 0xE7CF, 0xE7CF, 0xE7CF, 0xE7CF, 0x86A9, 0xFFFF, 0x1BF7, 0x1BF7, 0x1BF7, 0x1BF7,
  0xE7CF, 0xE7CF, 0xA7CD, 0xA7CD, 0xE7CF, 0xE7CF, 0xE7CF, 0xE7CF, 0xE7CF, 0x86A9, 0xFFFF, 0x5D7C, 0x1BF7, 0x1BF7, 0x1BF7, 0x1BF7,
  0xE7CF, 0xE7CF, 0xA7CD, 0xA7CD, 0xA7CD, 0xA7CD, 0xA7CD, 0xE7CF, 0xE7CF, 0x86A9, 0xFFFF, 0x1BF7, 0x1BF7, 0x1BF7, 0x1BF7, 0x1BF7,
  0xE7CF, 0xE7CF, 0xE7CF, 0xE7CF, 0xA7CD, 0xA7CD, 0xA7CD, 0xA7CD, 0xA7CD, 0x86A9, 0xFFFF, 0x1BF7, 0x1BF7, 0x1BF7, 0x1BF7, 0x1BF7,
  0xE7CF, 0xE7CF, 0xE7CF, 0xE7CF, 0xE7CF, 0xE7CF, 0xE7CF, 0xA7CD, 0xA7CD, 0x86A9, 0xFFFF, 0x5D7C, 0x1BF7, 0x1BF7, 0x1BF7, 0x1BF7,
  0xE7CF, 0xE7CF, 0xE7CF, 0xE7CF, 0xE7CF, 0xE7CF, 0xE7CF, 0xE7CF, 0xA7CD, 0xA7CD, 0x86A9, 0xFFFF, 0x5D7C, 0x1BF7, 0x1BF7, 0x1BF7,
  0xA7CD, 0xA7CD, 0xA7CD, 0xE7CF, 0xE7CF, 0xE7CF, 0xE7CF, 0xE7CF, 0xE7CF, 0xA7CD, 0xA7CD, 0x86A9, 0xFFFF, 0x1BF7, 0x1BF7, 0x1BF7,
  0xA7CD, 0xA7CD, 0xA7CD, 0xA7CD, 0xA7CD, 0xE7CF, 0xE7CF, 0xE7CF, 0xE7CF, 0xA7CD, 0xA7CD, 0x86A9, 0xFFFF, 0x1BF7, 0x1BF7, 0x1BF7,
  0xE7CF, 0xE7CF, 0xE7CF, 0xA7CD, 0xA7CD, 0xA7CD, 0xE7CF, 0xE7CF, 0xE7CF, 0xA7CD, 0xA7CD, 0x86A9, 0xFFFF, 0x1BF7, 0x1BF7, 0x1BF7,
  0xE7CF, 0xE7CF, 0xE7CF, 0xE7CF, 0xA7CD, 0xA7CD, 0xE7CF, 0xE7CF, 0xE7CF, 0xE7CF, 0xA7CD, 0x86A9, 0xFFFF, 0x1BF7, 0x1BF7, 0x1BF7,
  0xE7CF, 0xE7CF, 0xE7CF, 0xE7CF, 0xE7CF, 0xA7CD, 0xA7CD, 0xE7CF, 0xE7CF, 0xE7CF, 0xA7CD, 0x86A9, 0xFFFF, 0x1BF7, 0x1BF7, 0x1BF7,
  0xE7CF, 0xE7CF, 0xE7CF, 0xE7CF, 0xE7CF, 0xA7CD, 0xA7CD, 0xE7CF, 0xE7CF, 0xE7CF, 0x86A9, 0xFFFF, 0x5D7C, 0x1BF7, 0x1BF7, 0x1BF7,
  0xA7CD, 0xE7CF, 0xE7CF, 0xE7CF, 0xE7CF, 0xA7CD, 0xA7CD, 0xE7CF, 0xE7CF, 0xE7CF, 0x86A9, 0xFFFF, 0x1BF7, 0x1BF7, 0x1BF7, 0x1BF7
};

static const uint16_t tile_dirt[256] PROGMEM = {
  0x0821, 0x0821, 0x32A8, 0x32A8, 0x32A8, 0x0821, 0x0821, 0x0821, 0x0821, 0x0821, 0x0821, 0x0821, 0x0821, 0x0821, 0x0821, 0x0821,
  0x0821, 0x32A8, 0x3468, 0x3468, 0x3468, 0x32A8, 0x32A8, 0x0821, 0x0821, 0x0821, 0x32A8, 0x32A8, 0x32A8, 0x32A8, 0x32A8, 0x32A8,
  0x32A8, 0x3468, 0x3468, 0x3DE8, 0x3DE8, 0x3DE8, 0x3468, 0x32A8, 0x32A8, 0x32A8, 0x32A8, 0x3468, 0x3468, 0x3DE8, 0x3DE8, 0x3468,
  0x32A8, 0x3468, 0x3DE8, 0x6EE9, 0x3DE8, 0x6EE9, 0x3DE8, 0x3DE8, 0x3DE8, 0x3DE8, 0x3DE8, 0x3DE8, 0x6EE9, 0x3DE8, 0x3DE8, 0x3DE8,
  0x32A8, 0x3468, 0x3DE8, 0x6EE9, 0x6EE9, 0x6EE9, 0x3DE8, 0x3DE8, 0x3DE8, 0x3DE8, 0x3DE8, 0x3DE8, 0x3468, 0x3DE8, 0x3DE8, 0x3DE8,
  0x32A8, 0x3468, 0x3DE8, 0x3468, 0x6EE9, 0x3468, 0x3DE8, 0x3DE8, 0x6EE9, 0x3DE8, 0x3DE8, 0x3DE8, 0x3DE8, 0x3DE8, 0x3DE8, 0x3DE8,
  0x0821, 0x32A8, 0x3DE8, 0x3DE8, 0x3468, 0x3DE8, 0x3DE8, 0x3DE8, 0x3DE8, 0x3DE8, 0x3DE8, 0x3DE8, 0x3DE8, 0x3DE8, 0x3DE8, 0x3DE8,
  0x0821, 0x32A8, 0x3DE8, 0x3DE8, 0x3DE8, 0x3DE8, 0x3DE8, 0x3DE8, 0x3DE8, 0x3DE8, 0x3DE8, 0x3DE8, 0x3DE8, 0x3DE8, 0x3DE8, 0x3DE8,
  0x0821, 0x0821, 0x3468, 0x3DE8, 0x3DE8, 0x3DE8, 0x3DE8, 0x3DE8, 0x3DE8, 0x6EE9, 0x3DE8, 0x3DE8, 0x3DE8, 0x3DE8, 0x3DE8, 0x3DE8,
  0x0821, 0x0821, 0x32A8, 0x3DE8, 0x3DE8, 0x3DE8, 0x3DE8, 0x3DE8, 0x6EE9, 0x3468, 0x3DE8, 0x3DE8, 0x3DE8, 0x3DE8, 0x3DE8, 0x3DE8,
  0x0821, 0x0821, 0x32A8, 0x3DE8, 0x3DE8, 0x3DE8, 0x6EE9, 0x3DE8, 0x6EE9, 0x3DE8, 0x3DE8, 0x3DE8, 0x3DE8, 0x3DE8, 0x3DE8, 0x3DE8,
  0x0821, 0x32A8, 0x3468, 0x3DE8, 0x3DE8, 0x3DE8, 0x3468, 0x3DE8, 0x3468, 0x3DE8, 0x3DE8, 0x6EE9, 0x6EE9, 0x3DE8, 0x3DE8, 0x3DE8,
  0x0821, 0x32A8, 0x3DE8, 0x3DE8, 0x3DE8, 0x3DE8, 0x3DE8, 0x3DE8, 0x3DE8, 0x3DE8, 0x3DE8, 0x6EE9, 0x6EE9, 0x3DE8, 0x3DE8, 0x3DE8,
  0x0821, 0x32A8, 0x3DE8, 0x3DE8, 0x3DE8, 0x3DE8, 0x3DE8, 0x3DE8, 0x3DE8, 0x3DE8, 0x3DE8, 0x3DE8, 0x3DE8, 0x3DE8, 0x3DE8, 0x3DE8,
  0x0821, 0x32A8, 0x3468, 0x3DE8, 0x6EE9, 0x3DE8, 0x3DE8, 0x3DE8, 0x3DE8, 0x3DE8, 0x3DE8, 0x3DE8, 0x3DE8, 0x3DE8, 0x3DE8, 0x3DE8,
  0x0821, 0x32A8, 0x3DE8, 0x3DE8, 0x3DE8, 0x3DE8, 0x3DE8, 0x3DE8, 0x3DE8, 0x3DE8, 0x3DE8, 0x3DE8, 0x3DE8, 0x3DE8, 0x3DE8, 0x3DE8
};

static const uint16_t tile_dirt2[256] PROGMEM = {
  0x0821, 0x0821, 0x0821, 0x0821, 0x0821, 0x0821, 0x0821, 0x0821, 0x0821, 0x0821, 0x0821, 0x0821, 0x0821, 0x0821, 0x0821, 0x0821,
  0x0821, 0x0821, 0x32A8, 0x32A8, 0x32A8, 0x32A8, 0x0821, 0x0821, 0x0821, 0x0821, 0x32A8, 0x32A8, 0x0821, 0x0821, 0x32A8, 0x0821,
  0x32A8, 0x32A8, 0x3468, 0x3DE8, 0x3DE8, 0x3468, 0x32A8, 0x0821, 0x32A8, 0x32A8, 0x3468, 0x3468, 0x32A8, 0x32A8, 0x3DE8, 0x32A8,
  0x3DE8, 0x3DE8, 0x3DE8, 0x3DE8, 0x3DE8, 0x3DE8, 0x3468, 0x32A8, 0x3DE8, 0x6EE9, 0x3DE8, 0x3DE8, 0x3DE8, 0x3DE8, 0x3DE8, 0x3468,
  0x3DE8, 0x3DE8, 0x3DE8, 0x3DE8, 0x3DE8, 0x3DE8, 0x3DE8, 0x6EE9, 0x3DE8, 0x6EE9, 0x3DE8, 0x3DE8, 0x3DE8, 0x3DE8, 0x3DE8, 0x3DE8,
  0x3DE8, 0x6EE9, 0x3DE8, 0x3DE8, 0x3DE8, 0x3DE8, 0x3DE8, 0x3DE8, 0x3DE8, 0x3DE8, 0x3DE8, 0x3DE8, 0x3DE8, 0x3DE8, 0x3DE8, 0x3DE8,
  0x6EE9, 0x3468, 0x3DE8, 0x3DE8, 0x3DE8, 0x3DE8, 0x3DE8, 0x3DE8, 0x3DE8, 0x3DE8, 0x3DE8, 0x3DE8, 0x3DE8, 0x3DE8, 0x3DE8, 0x3DE8,
  0x6EE9, 0x3DE8, 0x3DE8, 0x3DE8, 0x3DE8, 0x3DE8, 0x3DE8, 0x3DE8, 0x3DE8, 0x3DE8, 0x3DE8, 0x3DE8, 0x3DE8, 0x6EE9, 0x3DE8, 0x3DE8,
  0x3468, 0x3DE8, 0x3DE8, 0x3DE8, 0x3DE8, 0x3DE8, 0x3DE8, 0x3DE8, 0x3DE8, 0x3DE8, 0x3DE8, 0x3DE8, 0x3DE8, 0x3DE8, 0x3DE8, 0x3DE8,
  0x3DE8, 0x3DE8, 0x3DE8, 0x3DE8, 0x3DE8, 0x3DE8, 0x3DE8, 0x3DE8, 0x3DE8, 0x3DE8, 0x3DE8, 0x3DE8, 0x3DE8, 0x3DE8, 0x3DE8, 0x3DE8,
  0x3DE8, 0x3DE8, 0x3DE8, 0x3DE8, 0x3DE8, 0x6EE9, 0x3DE8, 0x3DE8, 0x3DE8, 0x3DE8, 0x3DE8, 0x3DE8, 0x3DE8, 0x3DE8, 0x3DE8, 0x3DE8,
  0x3DE8, 0x3DE8, 0x3DE8, 0x6EE9, 0x3DE8, 0x6EE9, 0x6EE9, 0x3DE8, 0x6EE9, 0x3DE8, 0x3DE8, 0x6EE9, 0x3DE8, 0x3DE8, 0x3DE8, 0x3DE8,
  0x3DE8, 0x3DE8, 0x3DE8, 0x6EE9, 0x6EE9, 0x6EE9, 0x6EE9, 0x6EE9, 0x6EE9, 0x3DE8, 0x3DE8, 0x6EE9, 0x3DE8, 0x3DE8, 0x3DE8, 0x3DE8,
  0x3DE8, 0x3DE8, 0x3DE8, 0x3468, 0x6EE9, 0x3468, 0x6EE9, 0x6EE9, 0x3468, 0x3DE8, 0x3DE8, 0x3468, 0x3DE8, 0x3DE8, 0x3DE8, 0x3DE8,
  0x3DE8, 0x3DE8, 0x3DE8, 0x3DE8, 0x3468, 0x3468, 0x3468, 0x3468, 0x3DE8, 0x3DE8, 0x3DE8, 0x3DE8, 0x3DE8, 0x3DE8, 0x3DE8, 0x3DE8,
  0x3DE8, 0x3DE8, 0x3DE8, 0x3DE8, 0x3DE8, 0x3DE8, 0x3DE8, 0x3DE8, 0x3DE8, 0x3DE8, 0x3DE8, 0x3DE8, 0x3DE8, 0x3DE8, 0x3DE8, 0x3DE8
};

static const uint16_t tile_grass_l[256] PROGMEM = {
  0x3DE8, 0x3DE8, 0x3DE8, 0x3DE8, 0x3DE8, 0x3DE8, 0x3DE8, 0x3DE8, 0x3DE8, 0x3DE8, 0x3DE8, 0x9E6C, 0xE7CF, 0xE7CF, 0xE7CF, 0xA7CD,
  0x3DE8, 0x3DE8, 0x3DE8, 0x3DE8, 0x3DE8, 0x3DE8, 0x3DE8, 0x3DE8, 0x3DE8, 0x3DE8, 0x3468, 0xA7CD, 0xE7CF, 0xE7CF, 0xE7CF, 0xE7CF,
  0x3DE8, 0x3DE8, 0x3DE8, 0x3DE8, 0x3DE8, 0x3DE8, 0x3DE8, 0x3DE8, 0x3DE8, 0x3DE8, 0x3DE8, 0xA7CD, 0xA7CD, 0xA7CD, 0xE7CF, 0xE7CF,
  0x3DE8, 0x3DE8, 0x3DE8, 0x3DE8, 0x3DE8, 0x3DE8, 0x3DE8, 0x3DE8, 0x3DE8, 0x3DE8, 0x3DE8, 0x3DE8, 0xA7CD, 0xA7CD, 0xA7CD, 0xE7CF,
  0x3DE8, 0x3DE8, 0x3DE8, 0x6EE9, 0x3DE8, 0x3DE8, 0x3DE8, 0x3DE8, 0x3DE8, 0x3DE8, 0x3DE8, 0x3DE8, 0x3DE8, 0xA7CD, 0xA7CD, 0xE7CF,
  0x3DE8, 0x3DE8, 0x3DE8, 0x6EE9, 0x3DE8, 0x6EE9, 0x3DE8, 0x3DE8, 0x3DE8, 0x3DE8, 0x3DE8, 0x3DE8, 0x3468, 0xE7CF, 0xA7CD, 0xA7CD,
  0x3DE8, 0x3DE8, 0x3DE8, 0x6EE9, 0x3DE8, 0x6EE9, 0x3DE8, 0x3DE8, 0x3DE8, 0x3DE8, 0x3DE8, 0x3468, 0x9E6C, 0xE7CF, 0xA7CD, 0xA7CD,
  0x3DE8, 0x3DE8, 0x3DE8, 0x3468, 0x3DE8, 0x3468, 0x3DE8, 0x3DE8, 0x3DE8, 0x3DE8, 0x3DE8, 0x9E6C, 0xE7CF, 0xE7CF, 0xA7CD, 0xA7CD,
  0x3DE8, 0x3DE8, 0x3DE8, 0x3DE8, 0x3DE8, 0x3DE8, 0x3DE8, 0x3DE8, 0x3DE8, 0x3DE8, 0x3DE8, 0x3DE8, 0xE7CF, 0xE7CF, 0xE7CF, 0xA7CD,
  0x3DE8, 0x3DE8, 0x3DE8, 0x3DE8, 0x3DE8, 0x3DE8, 0x3DE8, 0x3DE8, 0x3DE8, 0x3DE8, 0x3DE8, 0x3DE8, 0xE7CF, 0xE7CF, 0xE7CF, 0xA7CD,
  0x3DE8, 0x6EE9, 0x3DE8, 0x3DE8, 0x3DE8, 0x3DE8, 0x3DE8, 0x3DE8, 0x3DE8, 0x3DE8, 0x3DE8, 0x3468, 0xE7CF, 0xE7CF, 0xE7CF, 0xE7CF,
  0x3DE8, 0x3DE8, 0x3DE8, 0x3DE8, 0x3DE8, 0x3DE8, 0x3DE8, 0x3DE8, 0x3DE8, 0x3DE8, 0x3DE8, 0x9E6C, 0xE7CF, 0xE7CF, 0xE7CF, 0xE7CF,
  0x3DE8, 0x3DE8, 0x3DE8, 0x3DE8, 0x3DE8, 0x3DE8, 0x3DE8, 0x6EE9, 0x3DE8, 0x3DE8, 0x3DE8, 0x3DE8, 0xE7CF, 0xE7CF, 0xE7CF, 0xE7CF,
  0x3DE8, 0x3DE8, 0x3DE8, 0x3DE8, 0x3DE8, 0x3DE8, 0x3DE8, 0x6EE9, 0x3DE8, 0x3DE8, 0x3DE8, 0x3468, 0xA7CD, 0xA7CD, 0xA7CD, 0xE7CF,
  0x3DE8, 0x3DE8, 0x3DE8, 0x3DE8, 0x3DE8, 0x3DE8, 0x3DE8, 0x6EE9, 0x3DE8, 0x3DE8, 0x3468, 0x9E6C, 0xA7CD, 0xA7CD, 0xA7CD, 0xA7CD,
  0x3DE8, 0x3DE8, 0x3DE8, 0x3DE8, 0x3DE8, 0x3DE8, 0x3DE8, 0x3468, 0x3DE8, 0x3DE8, 0x9E6C, 0xE7CF, 0xE7CF, 0xE7CF, 0xA7CD, 0xA7CD
};

static const uint16_t tile_grass_r[256] PROGMEM = {
  0xA7CD, 0xA7CD, 0xE7CF, 0xE7CF, 0xE7CF, 0xE7CF, 0xA7CD, 0xA7CD, 0xA7CD, 0xE7CF, 0xE7CF, 0xE7CF, 0xE7CF, 0xE7CF, 0xE7CF, 0xA7CD,
  0xA7CD, 0xA7CD, 0xA7CD, 0xE7CF, 0xE7CF, 0xE7CF, 0xE7CF, 0xA7CD, 0xA7CD, 0xA7CD, 0xA7CD, 0xA7CD, 0xE7CF, 0xE7CF, 0xE7CF, 0xE7CF,
  0xE7CF, 0xA7CD, 0xA7CD, 0xE7CF, 0xE7CF, 0xE7CF, 0xE7CF, 0xE7CF, 0xE7CF, 0xA7CD, 0xA7CD, 0xA7CD, 0xA7CD, 0xA7CD, 0xE7CF, 0xE7CF,
  0xE7CF, 0xA7CD, 0xA7CD, 0xE7CF, 0xE7CF, 0xE7CF, 0xE7CF, 0xE7CF, 0xE7CF, 0xE7CF, 0xE7CF, 0xE7CF, 0xA7CD, 0xA7CD, 0xA7CD, 0xE7CF,
  0xE7CF, 0xE7CF, 0xA7CD, 0xA7CD, 0xE7CF, 0xE7CF, 0xE7CF, 0xE7CF, 0xE7CF, 0xE7CF, 0xE7CF, 0xE7CF, 0xE7CF, 0xA7CD, 0xA7CD, 0xE7CF,
  0xE7CF, 0xE7CF, 0xA7CD, 0xA7CD, 0xA7CD, 0xA7CD, 0xA7CD, 0xE7CF, 0xE7CF, 0xE7CF, 0xE7CF, 0xE7CF, 0xE7CF, 0xE7CF, 0xA7CD, 0xA7CD,
  0xE7CF, 0xE7CF, 0xE7CF, 0xE7CF, 0xA7CD, 0xA7CD, 0xA7CD, 0xA7CD, 0xA7CD, 0xE7CF, 0xE7CF, 0xE7CF, 0xE7CF, 0xE7CF, 0xA7CD, 0xA7CD,
  0xE7CF, 0xE7CF, 0xE7CF, 0xE7CF, 0xE7CF, 0xE7CF, 0xE7CF, 0xA7CD, 0xA7CD, 0xA7CD, 0xE7CF, 0xE7CF, 0xE7CF, 0xE7CF, 0xA7CD, 0xA7CD,
  0xE7CF, 0xE7CF, 0xE7CF, 0xE7CF, 0xE7CF, 0xE7CF, 0xE7CF, 0xE7CF, 0xA7CD, 0xA7CD, 0xE7CF, 0xE7CF, 0xE7CF, 0xE7CF, 0xE7CF, 0xA7CD,
  0xA7CD, 0xA7CD, 0xA7CD, 0xE7CF, 0xE7CF, 0xE7CF, 0xE7CF, 0xE7CF, 0xE7CF, 0xA7CD, 0xA7CD, 0xE7CF, 0xE7CF, 0xE7CF, 0xE7CF, 0xA7CD,
  0xA7CD, 0xA7CD, 0xA7CD, 0xA7CD, 0xA7CD, 0xE7CF, 0xE7CF, 0xE7CF, 0xE7CF, 0xA7CD, 0xA7CD, 0xE7CF, 0xE7CF, 0xE7CF, 0xE7CF, 0xE7CF,
  0xE7CF, 0xE7CF, 0xE7CF, 0xA7CD, 0xA7CD, 0xA7CD, 0xE7CF, 0xE7CF, 0xE7CF, 0xA7CD, 0xA7CD, 0xE7CF, 0xE7CF, 0xE7CF, 0xE7CF, 0xE7CF,
  0xE7CF, 0xE7CF, 0xE7CF, 0xE7CF, 0xA7CD, 0xA7CD, 0xE7CF, 0xE7CF, 0xE7CF, 0xE7CF, 0xA7CD, 0xA7CD, 0xE7CF, 0xE7CF, 0xE7CF, 0xE7CF,
  0xE7CF, 0xE7CF, 0xE7CF, 0xE7CF, 0xE7CF, 0xA7CD, 0xA7CD, 0xE7CF, 0xE7CF, 0xE7CF, 0xA7CD, 0xA7CD, 0xA7CD, 0xA7CD, 0xA7CD, 0xE7CF,
  0xE7CF, 0xE7CF, 0xE7CF, 0xE7CF, 0xE7CF, 0xA7CD, 0xA7CD, 0xE7CF, 0xE7CF, 0xE7CF, 0xE7CF, 0xE7CF, 0xA7CD, 0xA7CD, 0xA7CD, 0xA7CD,
  0xA7CD, 0xE7CF, 0xE7CF, 0xE7CF, 0xE7CF, 0xA7CD, 0xA7CD, 0xA7CD, 0xE7CF, 0xE7CF, 0xE7CF, 0xE7CF, 0xE7CF, 0xE7CF, 0xA7CD, 0xA7CD
};

// ===== KAYA TILE'LARI =====

static const uint16_t tile_rock[256] PROGMEM = {
  0xBCCF, 0xBCCF, 0x7AC9, 0x7AC9, 0x7AC9, 0x51C7, 0x30E5, 0x0821, 0x0821, 0x0821, 0x0821, 0x0821, 0x0821, 0x0821, 0x0821, 0x0821,
  0x7AC9, 0x7AC9, 0x7AC9, 0x51C7, 0x51C7, 0x7AC9, 0x7AC9, 0x7AC9, 0x7AC9, 0x7AC9, 0x0821, 0x0821, 0x0821, 0x0821, 0x0821, 0x0821,
  0x51C7, 0x51C7, 0x51C7, 0x51C7, 0x7AC9, 0x93CB, 0x93CB, 0x93CB, 0x93CB, 0x93CB, 0x7AC9, 0x0821, 0x0821, 0x0821, 0x0821, 0x0821,
  0x30E5, 0x51C7, 0x51C7, 0x7AC9, 0x93CB, 0x93CB, 0x93CB, 0x93CB, 0x93CB, 0x93CB, 0x93CB, 0x7AC9, 0x0821, 0x0821, 0x0821, 0x0821,
  0x51C7, 0x7AC9, 0x7AC9, 0x93CB, 0x93CB, 0x93CB, 0x93CB, 0x93CB, 0x93CB, 0x93CB, 0x93CB, 0x7AC9, 0x0821, 0x0821, 0x0821, 0x0821,
  0x7AC9, 0x93CB, 0x93CB, 0x93CB, 0x93CB, 0x93CB, 0x93CB, 0x93CB, 0x93CB, 0x93CB, 0xBCCF, 0x7AC9, 0x0821, 0x0821, 0x0821, 0x0821,
  0xBCCF, 0xBCCF, 0x93CB, 0x93CB, 0x93CB, 0x93CB, 0x93CB, 0x93CB, 0xBCCF, 0xBCCF, 0x7AC9, 0x2E46, 0x0821, 0x0821, 0x0821, 0x0821,
  0x51C7, 0x7AC9, 0xBCCF, 0xBCCF, 0xBCCF, 0xBCCF, 0xBCCF, 0xBCCF, 0x7AC9, 0x7AC9, 0x7AC9, 0x3468, 0x20A5, 0x0821, 0x0821, 0x0821,
  0x30E5, 0x51C7, 0x7AC9, 0x7AC9, 0x7AC9, 0x7AC9, 0x7AC9, 0x7AC9, 0x51C7, 0x51C7, 0x51C7, 0x3468, 0x20A5, 0x0821, 0x0821, 0x0821,
  0x30E5, 0x30E5, 0x51C7, 0x51C7, 0x7AC9, 0x7AC9, 0x51C7, 0x51C7, 0x2E46, 0x30E5, 0x30E5, 0x20A5, 0x20A5, 0x20A5, 0x0821, 0x0821,
  0x30E5, 0x51C7, 0x51C7, 0x7AC9, 0x7AC9, 0x7AC9, 0x7AC9, 0x51C7, 0x3468, 0x30E5, 0x20A5, 0x20A5, 0x20A5, 0x20A5, 0x0821, 0x0821,
  0x30E5, 0x30E5, 0x2E46, 0x51C7, 0x51C7, 0x2E46, 0x51C7, 0x30E5, 0x3468, 0x20A5, 0x20A5, 0x20A5, 0x20A5, 0x20A5, 0x0821, 0x0821,
  0x30E5, 0x30E5, 0x3468, 0x30E5, 0x30E5, 0x3468, 0x30E5, 0x20A5, 0x20A5, 0x20A5, 0x20A5, 0x20A5, 0x20A5, 0x0821, 0x0821, 0x0821,
  0x20A5, 0x20A5, 0x3468, 0x20A5, 0x20A5, 0x3468, 0x20A5, 0x20A5, 0x20A5, 0x20A5, 0x20A5, 0x20A5, 0x0821, 0x0821, 0x0821, 0x0821,
  0x20A5, 0x20A5, 0x20A5, 0x20A5, 0x20A5, 0x20A5, 0x20A5, 0x20A5, 0x20A5, 0x20A5, 0x0821, 0x0821, 0x0821, 0x0821, 0x0821, 0x0821,
  0x0821, 0x0821, 0x0821, 0x0821, 0x0821, 0x0821, 0x0821, 0x0821, 0x0821, 0x0821, 0x0821, 0x0821, 0x0821, 0x0821, 0x0821, 0x0821
};

static const uint16_t tile_rock2[256] PROGMEM = {
  0x0821, 0x0821, 0x0821, 0x0821, 0x0821, 0x51C7, 0x51C7, 0x7AC9, 0x93CB, 0x93CB, 0x93CB, 0x93CB, 0x93CB, 0x93CB, 0x93CB, 0x93CB,
  0x0821, 0x0821, 0x0821, 0x0821, 0x0821, 0x51C7, 0x51C7, 0x93CB, 0x93CB, 0x93CB, 0x93CB, 0x93CB, 0x93CB, 0x7AC9, 0x93CB, 0x93CB,
  0x0821, 0x0821, 0x0821, 0x0821, 0x0821, 0x51C7, 0x51C7, 0x93CB, 0x93CB, 0x93CB, 0x93CB, 0x93CB, 0x93CB, 0x93CB, 0x93CB, 0x93CB,
  0x0821, 0x0821, 0x0821, 0x0821, 0x0821, 0x51C7, 0x51C7, 0x93CB, 0x93CB, 0x93CB, 0x93CB, 0x93CB, 0x93CB, 0x93CB, 0x93CB, 0x7AC9,
  0x0821, 0x0821, 0x0821, 0x0821, 0x0821, 0x51C7, 0x51C7, 0x93CB, 0x93CB, 0x93CB, 0x7AC9, 0x93CB, 0x93CB, 0x93CB, 0x93CB, 0x7AC9,
  0x0821, 0x0821, 0x0821, 0x0821, 0x0821, 0x51C7, 0x51C7, 0x93CB, 0x93CB, 0x93CB, 0x7AC9, 0x93CB, 0x93CB, 0x93CB, 0x93CB, 0x51C7,
  0x0821, 0x0821, 0x0821, 0x0821, 0x51C7, 0x51C7, 0x7AC9, 0x93CB, 0x93CB, 0x93CB, 0x93CB, 0x93CB, 0x93CB, 0x93CB, 0x93CB, 0x51C7,
  0x0821, 0x0821, 0x0821, 0x0821, 0x51C7, 0x51C7, 0x7AC9, 0x93CB, 0x93CB, 0x93CB, 0x93CB, 0x93CB, 0x93CB, 0x93CB, 0x7AC9, 0x51C7,
  0x0821, 0x0821, 0x0821, 0x0821, 0x51C7, 0x51C7, 0x7AC9, 0x93CB, 0x93CB, 0x93CB, 0x93CB, 0x93CB, 0x93CB, 0x93CB, 0x51C7, 0x51C7,
  0x0821, 0x0821, 0x0821, 0x0821, 0x51C7, 0x51C7, 0x7AC9, 0x93CB, 0x93CB, 0x93CB, 0x93CB, 0x93CB, 0x93CB, 0x7AC9, 0x51C7, 0x51C7,
  0x0821, 0x0821, 0x0821, 0x0821, 0x51C7, 0x51C7, 0x7AC9, 0x93CB, 0x93CB, 0x7AC9, 0x93CB, 0x7AC9, 0x51C7, 0x51C7, 0x93CB, 0x93CB,
  0x0821, 0x0821, 0x0821, 0x0821, 0x51C7, 0x51C7, 0x7AC9, 0x93CB, 0x93CB, 0x7AC9, 0x51C7, 0x51C7, 0x93CB, 0x93CB, 0x7AC9, 0x7AC9,
  0x0821, 0x0821, 0x0821, 0x0821, 0x51C7, 0x51C7, 0x7AC9, 0x93CB, 0x7AC9, 0x51C7, 0x93CB, 0x93CB, 0x7AC9, 0x7AC9, 0x51C7, 0x20A5,
  0x0821, 0x0821, 0x0821, 0x0821, 0x51C7, 0x51C7, 0x7AC9, 0x7AC9, 0x51C7, 0x93CB, 0x7AC9, 0x7AC9, 0x51C7, 0x20A5, 0x20A5, 0x20A5,
  0x0821, 0x0821, 0x0821, 0x0821, 0x51C7, 0x51C7, 0x7AC9, 0x51C7, 0x93CB, 0x7AC9, 0x51C7, 0x20A5, 0x20A5, 0x20A5, 0x20A5, 0x51C7,
  0x0821, 0x0821, 0x0821, 0x0821, 0x51C7, 0x51C7, 0x51C7, 0x93CB, 0x7AC9, 0x51C7, 0x20A5, 0x20A5, 0x20A5, 0x20A5, 0x20A5, 0x51C7
};

static const uint16_t tile_wall[256] PROGMEM = {
  0x0821, 0x0821, 0x0821, 0x0821, 0x0821, 0x0821, 0x7AC9, 0xBCCF, 0x93CB, 0x93CB, 0x93CB, 0x93CB, 0x93CB, 0x93CB, 0x93CB, 0xBCCF,
  0x0821, 0x0821, 0x0821, 0x0821, 0x0821, 0x0821, 0x51C7, 0x7AC9, 0xBCCF, 0xBCCF, 0xBCCF, 0xBCCF, 0xBCCF, 0xBCCF, 0xBCCF, 0x7AC9,
  0x0821, 0x0821, 0x0821, 0x0821, 0x0821, 0x0821, 0x30E5, 0x51C7, 0x7AC9, 0x7AC9, 0x7AC9, 0x7AC9, 0x7AC9, 0x7AC9, 0x7AC9, 0x7AC9,
  0x0821, 0x0821, 0x0821, 0x0821, 0x0821, 0x0821, 0x30E5, 0x30E5, 0x51C7, 0x51C7, 0x51C7, 0x51C7, 0x51C7, 0x51C7, 0x51C7, 0x30E5,
  0x0821, 0x0821, 0x0821, 0x0821, 0x0821, 0x0821, 0x30E5, 0x51C7, 0x7AC9, 0x93CB, 0x93CB, 0x93CB, 0x93CB, 0x7AC9, 0x51C7, 0x30E5,
  0x0821, 0x0821, 0x0821, 0x0821, 0x0821, 0x0821, 0x51C7, 0x7AC9, 0x93CB, 0x93CB, 0x93CB, 0x93CB, 0x93CB, 0x93CB, 0x7AC9, 0x51C7,
  0x0821, 0x0821, 0x0821, 0x0821, 0x0821, 0x51C7, 0x7AC9, 0x93CB, 0x93CB, 0x93CB, 0x93CB, 0x93CB, 0x93CB, 0xBCCF, 0x7AC9, 0x51C7,
  0x0821, 0x0821, 0x0821, 0x0821, 0x0821, 0x51C7, 0x7AC9, 0x7AC9, 0xBCCF, 0xBCCF, 0xBCCF, 0xBCCF, 0xBCCF, 0x7AC9, 0x51C7, 0x51C7,
  0x0821, 0x0821, 0x0821, 0x0821, 0x0821, 0x30E5, 0x51C7, 0x51C7, 0x7AC9, 0x7AC9, 0x7AC9, 0x7AC9, 0x7AC9, 0x7AC9, 0x30E5, 0x30E5,
  0x0821, 0x0821, 0x0821, 0x0821, 0x0821, 0x30E5, 0x30E5, 0x30E5, 0x30E5, 0x51C7, 0x7AC9, 0x7AC9, 0x7AC9, 0x51C7, 0x2E46, 0x30E5,
  0x0821, 0x0821, 0x0821, 0x0821, 0x0821, 0x0821, 0x30E5, 0x2E46, 0x51C7, 0x51C7, 0x51C7, 0x51C7, 0x51C7, 0x30E5, 0x2E46, 0x30E5,
  0x0821, 0x0821, 0x0821, 0x0821, 0x0821, 0x0821, 0x30E5, 0x3468, 0x30E5, 0x51C7, 0x51C7, 0x3468, 0x30E5, 0x30E5, 0x3468, 0x30E5,
  0x0821, 0x0821, 0x0821, 0x0821, 0x0821, 0x0821, 0x20A5, 0x3468, 0x30E5, 0x3468, 0x30E5, 0x3468, 0x20A5, 0x20A5, 0x3468, 0x20A5,
  0x0821, 0x0821, 0x0821, 0x0821, 0x0821, 0x0821, 0x0821, 0x20A5, 0x20A5, 0x3468, 0x20A5, 0x20A5, 0x20A5, 0x20A5, 0x20A5, 0x20A5,
  0x0821, 0x0821, 0x0821, 0x0821, 0x0821, 0x0821, 0x0821, 0x0821, 0x0821, 0x0821, 0x0821, 0x20A5, 0x20A5, 0x20A5, 0x20A5, 0x20A5,
  0x0821, 0x0821, 0x0821, 0x0821, 0x0821, 0x0821, 0x0821, 0x0821, 0x0821, 0x0821, 0x0821, 0x0821, 0x0821, 0x0821, 0x0821, 0x0821
};

// ===== NESNE SPRITE'LARI (16x16) =====

static const uint16_t spr_chest[256] PROGMEM = {
  0x3147, 0x3147, 0x3147, 0x3147, 0x3147, 0x3147, 0x3147, 0x3147, 0x3147, 0x3147, 0x3147, 0x3147, 0x3147, 0x3147, 0x0821, 0x0821,
  0x3147, 0xCDD7, 0x6187, 0x8A88, 0xABC9, 0xABC9, 0xABC9, 0xABC9, 0xABC9, 0xABC9, 0x8A88, 0x6187, 0xCDD7, 0x3147, 0x0821, 0x0821,
  0x3147, 0xCDD7, 0x6187, 0xABC9, 0xABC9, 0xABC9, 0xABC9, 0xABC9, 0xABC9, 0xABC9, 0xABC9, 0x6187, 0xCDD7, 0x3147, 0x0821, 0x0821,
  0x3147, 0xCDD7, 0x6187, 0xABC9, 0xABC9, 0xABC9, 0xABC9, 0xABC9, 0xABC9, 0xABC9, 0xABC9, 0x6187, 0xCDD7, 0x3147, 0x0821, 0x0821,
  0x3147, 0xCDD7, 0x6187, 0x8A88, 0xABC9, 0xABC9, 0xABC9, 0xABC9, 0xABC9, 0xABC9, 0x8A88, 0x6187, 0xCDD7, 0x3147, 0x0821, 0x0821,
  0x3147, 0xCDD7, 0x6187, 0x8A88, 0x8A88, 0x8A88, 0x8A88, 0x8A88, 0x8A88, 0x8A88, 0x8A88, 0x6187, 0xCDD7, 0x3147, 0x0821, 0x0821,
  0x3147, 0xCDD7, 0x6187, 0x6187, 0x8A88, 0x8A88, 0x8A88, 0x8A88, 0x8A88, 0x8A88, 0x6187, 0x6187, 0xCDD7, 0x3147, 0x0821, 0x0821,
  0x3147, 0xCDD7, 0x6187, 0x6187, 0x6187, 0x6187, 0x6187, 0x6187, 0x6187, 0x6187, 0x6187, 0x6187, 0xCDD7, 0x3147, 0x0821, 0x0821,
  0x3147, 0xCDD7, 0x6187, 0x6187, 0x6187, 0xAC90, 0xAC90, 0xAC90, 0xAC90, 0x6187, 0x6187, 0x6187, 0xCDD7, 0x3147, 0x0821, 0x0821,
  0x3147, 0xCDD7, 0xCDD7, 0xCDD7, 0xCDD7, 0xAC90, 0xCDD7, 0xCDD7, 0xAC90, 0xCDD7, 0xCDD7, 0xCDD7, 0xCDD7, 0x3147, 0x0821, 0x0821,
  0x3147, 0x7B4C, 0x7B4C, 0x7B4C, 0x7B4C, 0x7B4C, 0xAC90, 0xAC90, 0x7B4C, 0x7B4C, 0x7B4C, 0x7B4C, 0x7B4C, 0x3147, 0x0821, 0x0821,
  0x3147, 0x3147, 0x3147, 0x3147, 0x3147, 0x7B4C, 0xAC90, 0xAC90, 0x7B4C, 0x3147, 0x3147, 0x3147, 0x3147, 0x3147, 0x0821, 0x0821,
  0x0821, 0x3147, 0x8A88, 0x8A88, 0x8A88, 0x7B4C, 0x7B4C, 0x7B4C, 0x7B4C, 0x8A88, 0x8A88, 0x8A88, 0x3147, 0x3147, 0x3147, 0x0821,
  0x0821, 0x3147, 0x3147, 0x3147, 0x3147, 0x3147, 0x3147, 0x3147, 0x3147, 0x3147, 0x3147, 0x3147, 0x3147, 0x3147, 0x3147, 0x0821,
  0x0821, 0x3147, 0x3147, 0x3147, 0x3147, 0x3147, 0x3147, 0x3147, 0x3147, 0x3147, 0x3147, 0x3147, 0x3147, 0x3147, 0x3147, 0x0821,
  0x0821, 0x0821, 0x0821, 0x3147, 0x3147, 0x3147, 0x3147, 0x3147, 0x3147, 0x3147, 0x3147, 0x3147, 0x3147, 0x3147, 0x3147, 0x0821
};

static const uint16_t spr_chest_open[256] PROGMEM = {
  0x0821, 0x0821, 0x0821, 0x0821, 0x0821, 0x0821, 0x0821, 0x0821, 0x0821, 0x0821, 0x0821, 0x0821, 0x0821, 0x0821, 0x0821, 0x0821,
  0x0821, 0x0821, 0x0821, 0x0821, 0x0821, 0x0821, 0x0821, 0x0821, 0x0821, 0x0821, 0x0821, 0x0821, 0x0821, 0x0821, 0x0821, 0x0821,
  0x0821, 0x0821, 0x0821, 0x0821, 0x0821, 0x0821, 0x0821, 0x0821, 0x0821, 0x0821, 0x0821, 0x0821, 0x0821, 0x0821, 0x0821, 0x0821,
  0x0821, 0x0821, 0x0821, 0x0821, 0x0821, 0x0821, 0x0821, 0x0821, 0x0821, 0x0821, 0x0821, 0x0821, 0x0821, 0x0821, 0x0821, 0x0821,
  0x0821, 0x0821, 0x0821, 0x0821, 0x0821, 0x0821, 0x0821, 0x0821, 0x0821, 0x0821, 0x0821, 0x0821, 0x0821, 0x0821, 0x0821, 0x0821,
  0x0821, 0x0821, 0x0821, 0x0821, 0x0821, 0x0821, 0x0821, 0x0821, 0x0821, 0x0821, 0x0821, 0x0821, 0x0821, 0x0821, 0x0821, 0x0821,
  0x0821, 0x0821, 0x0821, 0x0821, 0x0821, 0x0821, 0x0821, 0x0821, 0x0821, 0x0821, 0x0821, 0x0821, 0x0821, 0x0821, 0x0821, 0x0821,
  0x0821, 0x0821, 0x0821, 0x0821, 0x0821, 0x0821, 0x0821, 0x0821, 0x3147, 0x3147, 0x3147, 0x3147, 0x3147, 0x3147, 0x3147, 0x3147,
  0x0821, 0x0821, 0x0821, 0x0821, 0x0821, 0x0821, 0x0821, 0x0821, 0x3147, 0xCDD7, 0x6187, 0x8A88, 0xABC9, 0xABC9, 0xABC9, 0xABC9,
  0x0821, 0x0821, 0x0821, 0x0821, 0x0821, 0x0821, 0x0821, 0x0821, 0x3147, 0xCDD7, 0x6187, 0x8A88, 0xABC9, 0xABC9, 0xABC9, 0xABC9,
  0x0821, 0x0821, 0x0821, 0x0821, 0x0821, 0x0821, 0x0821, 0x0821, 0x3147, 0xCDD7, 0x6187, 0x8A88, 0x8A88, 0x8A88, 0x8A88, 0x8A88,
  0x0821, 0x0821, 0x0821, 0x0821, 0x0821, 0x0821, 0x0821, 0x0821, 0x3147, 0xCDD7, 0x6187, 0x6187, 0x8A88, 0x8A88, 0x8A88, 0x8A88,
  0x0821, 0x0821, 0x0821, 0x0821, 0x0821, 0x0821, 0x0821, 0x0821, 0x3147, 0xCDD7, 0x6187, 0x6187, 0x6187, 0x6187, 0x6187, 0x6187,
  0x0821, 0x0821, 0x0821, 0x0821, 0x0821, 0x0821, 0x0821, 0x0821, 0x3147, 0xCDD7, 0xCDD7, 0xCDD7, 0xCDD7, 0xCDD7, 0xCDD7, 0xCDD7,
  0x0821, 0x0821, 0x0821, 0x0821, 0x0821, 0x0821, 0x0821, 0x0821, 0x3147, 0x7B4C, 0x7B4C, 0x7B4C, 0x7B4C, 0x7B4C, 0x7B4C, 0x7B4C,
  0x0821, 0x0821, 0x0821, 0x0821, 0x0821, 0x0821, 0x0821, 0x0821, 0x3147, 0x3147, 0x3147, 0x3147, 0x3147, 0x3147, 0x3147, 0x3147
};

static const uint16_t spr_heart_full[256] PROGMEM = {
  0x0821, 0x0821, 0x0821, 0x0821, 0x0821, 0x0821, 0x0821, 0x0821, 0x0821, 0x0821, 0x0821, 0x0821, 0x0821, 0x0821, 0x0821, 0x0821,
  0x0821, 0x0821, 0x0821, 0x0821, 0x0821, 0x0821, 0x0821, 0x0821, 0x0821, 0x0821, 0x0821, 0x0821, 0x0821, 0x0821, 0x0821, 0x0821,
  0x0821, 0x0821, 0x0821, 0xFFFF, 0xFFFF, 0xFFFF, 0x0821, 0x0821, 0xFFFF, 0xFFFF, 0xFFFF, 0x0821, 0x0821, 0x0821, 0x0821, 0x0821,
  0x0821, 0x0821, 0xFFFF, 0x4803, 0x4803, 0x4803, 0xFFFF, 0xFFFF, 0x4803, 0x4803, 0x4803, 0xFFFF, 0x0821, 0x0821, 0x0821, 0x0821,
  0x0821, 0xFFFF, 0x4803, 0xB1A3, 0xB1A3, 0xB1A3, 0x4803, 0x4803, 0xB1A3, 0xB1A3, 0xB1A3, 0x4803, 0xFFFF, 0x0821, 0x0821, 0x0821,
  0xFFFF, 0x4803, 0xB1A3, 0xDB48, 0xDB48, 0xB1A3, 0xB1A3, 0xB1A3, 0xB1A3, 0xB1A3, 0x80C1, 0xB1A3, 0x4803, 0xFFFF, 0x0821, 0x0821,
  0xFFFF, 0x4803, 0xB1A3, 0xDB48, 0xB1A3, 0xB1A3, 0xB1A3, 0xB1A3, 0xB1A3, 0xB1A3, 0x80C1, 0xB1A3, 0x4803, 0xFFFF, 0x0821, 0x0821,
  0xFFFF, 0x4803, 0xB1A3, 0xB1A3, 0xB1A3, 0xB1A3, 0xB1A3, 0xB1A3, 0xB1A3, 0x80C1, 0x80C1, 0xB1A3, 0x4803, 0xFFFF, 0x0821, 0x0821,
  0x0821, 0xFFFF, 0x4803, 0xB1A3, 0xB1A3, 0xB1A3, 0xB1A3, 0xB1A3, 0x80C1, 0x80C1, 0xB1A3, 0x4803, 0xFFFF, 0x0821, 0x0821, 0x0821,
  0x0821, 0xFFFF, 0x4803, 0xB1A3, 0x80C1, 0xB1A3, 0xB1A3, 0x80C1, 0x80C1, 0x80C1, 0xB1A3, 0x4803, 0xFFFF, 0x0821, 0x0821, 0x0821,
  0x0821, 0x0821, 0xFFFF, 0x4803, 0xB1A3, 0x80C1, 0x80C1, 0x80C1, 0x80C1, 0xB1A3, 0x4803, 0xFFFF, 0x0821, 0x0821, 0x0821, 0x0821,
  0x0821, 0x0821, 0x0821, 0xFFFF, 0x4803, 0xB1A3, 0x80C1, 0x80C1, 0xB1A3, 0x4803, 0xFFFF, 0x0821, 0x0821, 0x0821, 0x0821, 0x0821,
  0x0821, 0x0821, 0x0821, 0x0821, 0xFFFF, 0x4803, 0xB1A3, 0xB1A3, 0x4803, 0xFFFF, 0x0821, 0x0821, 0x0821, 0x0821, 0x0821, 0x0821,
  0x0821, 0x0821, 0x0821, 0x0821, 0x0821, 0xFFFF, 0x4803, 0x4803, 0xFFFF, 0x0821, 0x0821, 0x0821, 0x0821, 0x0821, 0x0821, 0x0821,
  0x0821, 0x0821, 0x0821, 0x0821, 0x0821, 0x0821, 0xFFFF, 0xFFFF, 0x0821, 0x0821, 0x0821, 0x0821, 0x0821, 0x0821, 0x0821, 0x0821,
  0x0821, 0x0821, 0x0821, 0x0821, 0x0821, 0x0821, 0x0821, 0x0821, 0x0821, 0x0821, 0x0821, 0x0821, 0x0821, 0x0821, 0x0821, 0x0821
};

static const uint16_t spr_heart_half[256] PROGMEM = {
  0x0821, 0x0821, 0x0821, 0x0821, 0x0821, 0x0821, 0x0821, 0x0821, 0x0821, 0x0821, 0x0821, 0x0821, 0x0821, 0x0821, 0x0821, 0x0821,
  0x0821, 0x0821, 0x0821, 0x0821, 0x0821, 0x0821, 0x0821, 0x0821, 0x0821, 0x0821, 0x0821, 0x0821, 0x0821, 0x0821, 0x0821, 0x0821,
  0x0821, 0x0821, 0x0821, 0xFFFF, 0xFFFF, 0xFFFF, 0x0821, 0x0821, 0xFFFF, 0xFFFF, 0xFFFF, 0x0821, 0x0821, 0x0821, 0x0821, 0x0821,
  0x0821, 0x0821, 0xFFFF, 0x4803, 0x4803, 0x4803, 0xFFFF, 0xFFFF, 0x4803, 0x4803, 0x4803, 0xFFFF, 0x0821, 0x0821, 0x0821, 0x0821,
  0x0821, 0xFFFF, 0x4803, 0xB1A3, 0xB1A3, 0xB1A3, 0x4803, 0x4803, 0xB1A3, 0xB1A3, 0xB1A3, 0x4803, 0xFFFF, 0x0821, 0x0821, 0x0821,
  0xFFFF, 0x4803, 0xB1A3, 0xDB48, 0xDB48, 0xB1A3, 0xB1A3, 0xB1A3, 0x4803, 0x4803, 0x4803, 0xB1A3, 0x4803, 0xFFFF, 0x0821, 0x0821,
  0xFFFF, 0x4803, 0xB1A3, 0xDB48, 0xB1A3, 0xB1A3, 0xB1A3, 0x4803, 0x4803, 0x4803, 0x4803, 0xB1A3, 0x4803, 0xFFFF, 0x0821, 0x0821,
  0xFFFF, 0x4803, 0xB1A3, 0xB1A3, 0xB1A3, 0xB1A3, 0xB1A3, 0x4803, 0x4803, 0x4803, 0x4803, 0xB1A3, 0x4803, 0xFFFF, 0x0821, 0x0821,
  0x0821, 0xFFFF, 0x4803, 0xB1A3, 0xB1A3, 0xB1A3, 0xB1A3, 0x4803, 0x4803, 0x4803, 0xB1A3, 0x4803, 0xFFFF, 0x0821, 0x0821, 0x0821,
  0x0821, 0xFFFF, 0x4803, 0xB1A3, 0x80C1, 0xB1A3, 0xB1A3, 0x80C1, 0x80C1, 0x80C1, 0xB1A3, 0x4803, 0xFFFF, 0x0821, 0x0821, 0x0821,
  0x0821, 0x0821, 0xFFFF, 0x4803, 0xB1A3, 0x80C1, 0x80C1, 0x80C1, 0x80C1, 0xB1A3, 0x4803, 0xFFFF, 0x0821, 0x0821, 0x0821, 0x0821,
  0x0821, 0x0821, 0x0821, 0xFFFF, 0x4803, 0xB1A3, 0x80C1, 0x80C1, 0xB1A3, 0x4803, 0xFFFF, 0x0821, 0x0821, 0x0821, 0x0821, 0x0821,
  0x0821, 0x0821, 0x0821, 0x0821, 0xFFFF, 0x4803, 0xB1A3, 0xB1A3, 0x4803, 0xFFFF, 0x0821, 0x0821, 0x0821, 0x0821, 0x0821, 0x0821,
  0x0821, 0x0821, 0x0821, 0x0821, 0x0821, 0xFFFF, 0x4803, 0x4803, 0xFFFF, 0x0821, 0x0821, 0x0821, 0x0821, 0x0821, 0x0821, 0x0821,
  0x0821, 0x0821, 0x0821, 0x0821, 0x0821, 0x0821, 0xFFFF, 0xFFFF, 0x0821, 0x0821, 0x0821, 0x0821, 0x0821, 0x0821, 0x0821, 0x0821,
  0x0821, 0x0821, 0x0821, 0x0821, 0x0821, 0x0821, 0x0821, 0x0821, 0x0821, 0x0821, 0x0821, 0x0821, 0x0821, 0x0821, 0x0821, 0x0821
};

static const uint16_t spr_heart_empty[256] PROGMEM = {
  0x0821, 0x0821, 0x0821, 0x0821, 0x0821, 0x0821, 0x0821, 0x0821, 0x0821, 0x0821, 0x0821, 0x0821, 0x0821, 0x0821, 0x0821, 0x0821,
  0x0821, 0x0821, 0x0821, 0x0821, 0x0821, 0x0821, 0x0821, 0x0821, 0x0821, 0x0821, 0x0821, 0x0821, 0x0821, 0x0821, 0x0821, 0x0821,
  0x0821, 0x0821, 0x0821, 0xFFFF, 0xFFFF, 0xFFFF, 0x0821, 0x0821, 0xFFFF, 0xFFFF, 0xFFFF, 0x0821, 0x0821, 0x0821, 0x0821, 0x0821,
  0x0821, 0x0821, 0xFFFF, 0x4803, 0x4803, 0x4803, 0xFFFF, 0xFFFF, 0x4803, 0x4803, 0x4803, 0xFFFF, 0x0821, 0x0821, 0x0821, 0x0821,
  0x0821, 0xFFFF, 0x4803, 0xB1A3, 0xB1A3, 0xB1A3, 0x4803, 0x4803, 0xB1A3, 0xB1A3, 0xB1A3, 0x4803, 0xFFFF, 0x0821, 0x0821, 0x0821,
  0xFFFF, 0x4803, 0xB1A3, 0xDB48, 0xDB48, 0xB1A3, 0xB1A3, 0xB1A3, 0x4803, 0x4803, 0x4803, 0xB1A3, 0x4803, 0xFFFF, 0x0821, 0x0821,
  0xFFFF, 0x4803, 0xB1A3, 0xDB48, 0xB1A3, 0xB1A3, 0xB1A3, 0x4803, 0x4803, 0x4803, 0x4803, 0xB1A3, 0x4803, 0xFFFF, 0x0821, 0x0821,
  0xFFFF, 0x4803, 0xB1A3, 0xB1A3, 0xB1A3, 0xB1A3, 0xB1A3, 0x4803, 0x4803, 0x4803, 0x4803, 0xB1A3, 0x4803, 0xFFFF, 0x0821, 0x0821,
  0x0821, 0xFFFF, 0x4803, 0xB1A3, 0xB1A3, 0xB1A3, 0xB1A3, 0x4803, 0x4803, 0x4803, 0xB1A3, 0x4803, 0xFFFF, 0x0821, 0x0821, 0x0821,
  0x0821, 0xFFFF, 0x4803, 0xB1A3, 0x80C1, 0xB1A3, 0xB1A3, 0x4803, 0x4803, 0x4803, 0xB1A3, 0x4803, 0xFFFF, 0x0821, 0x0821, 0x0821,
  0x0821, 0x0821, 0xFFFF, 0x4803, 0xB1A3, 0x80C1, 0x80C1, 0x4803, 0x4803, 0xB1A3, 0x4803, 0xFFFF, 0x0821, 0x0821, 0x0821, 0x0821,
  0x0821, 0x0821, 0x0821, 0xFFFF, 0x4803, 0xB1A3, 0x80C1, 0x4803, 0xB1A3, 0x4803, 0xFFFF, 0x0821, 0x0821, 0x0821, 0x0821, 0x0821,
  0x0821, 0x0821, 0x0821, 0x0821, 0xFFFF, 0x4803, 0xB1A3, 0xB1A3, 0x4803, 0xFFFF, 0x0821, 0x0821, 0x0821, 0x0821, 0x0821, 0x0821,
  0x0821, 0x0821, 0x0821, 0x0821, 0x0821, 0xFFFF, 0x4803, 0x4803, 0xFFFF, 0x0821, 0x0821, 0x0821, 0x0821, 0x0821, 0x0821, 0x0821,
  0x0821, 0x0821, 0x0821, 0x0821, 0x0821, 0x0821, 0xFFFF, 0xFFFF, 0x0821, 0x0821, 0x0821, 0x0821, 0x0821, 0x0821, 0x0821, 0x0821,
  0x0821, 0x0821, 0x0821, 0x0821, 0x0821, 0x0821, 0x0821, 0x0821, 0x0821, 0x0821, 0x0821, 0x0821, 0x0821, 0x0821, 0x0821, 0x0821
};

static const uint16_t spr_coin[256] PROGMEM = {
  0x0821, 0x0821, 0x0821, 0x0821, 0x0821, 0x0821, 0x0821, 0x0821, 0x0821, 0x0821, 0x0821, 0x0821, 0x0821, 0x0821, 0x0821, 0x0821,
  0x0821, 0x0821, 0x0821, 0x0821, 0x0821, 0x0821, 0x0821, 0x0821, 0x0821, 0x0821, 0x0821, 0x0821, 0x0821, 0x0821, 0x0821, 0x0821,
  0x0821, 0x0821, 0x0821, 0x0821, 0x0821, 0x9AC7, 0x9AC7, 0x9AC7, 0x9AC7, 0x9AC7, 0x0821, 0x0821, 0x0821, 0x0821, 0x0821, 0x0821,
  0x0821, 0x0821, 0x0821, 0x0821, 0x9AC7, 0xFFF4, 0xFFF4, 0xF7C8, 0xF7C8, 0xF7C8, 0x9AC7, 0x0821, 0x0821, 0x0821, 0x0821, 0x0821,
  0x0821, 0x0821, 0x0821, 0x9AC7, 0xFFF4, 0xF7C8, 0xF7C8, 0xCEA4, 0xFFF4, 0xF7C8, 0xF7C8, 0x9AC7, 0x0821, 0x0821, 0x0821, 0x0821,
  0x0821, 0x0821, 0x9AC7, 0xFFF4, 0xF7C8, 0xF7C8, 0xF7C8, 0xCEA4, 0xFFF4, 0xF7C8, 0xF7C8, 0xF7C8, 0x9AC7, 0x0821, 0x0821, 0x0821,
  0x0821, 0x0821, 0x9AC7, 0xFFF4, 0xF7C8, 0xCEA4, 0xF7C8, 0xCEA4, 0xFFF4, 0xCEA4, 0xFFF4, 0xF7C8, 0x9AC7, 0x0821, 0x0821, 0x0821,
  0x0821, 0x0821, 0x9AC7, 0xF7C8, 0xCEA4, 0xFFF4, 0xF7C8, 0xCEA4, 0xFFF4, 0xF7C8, 0xCEA4, 0xFFF4, 0x9AC7, 0x0821, 0x0821, 0x0821,
  0x0821, 0x0821, 0x9AC7, 0xF7C8, 0xCEA4, 0xFFF4, 0xCEA4, 0xCEA4, 0xCEA4, 0xF7C8, 0xCEA4, 0xFFF4, 0x9AC7, 0x0821, 0x0821, 0x0821,
  0x0821, 0x0821, 0x9AC7, 0xECC8, 0xF7C8, 0xF7C8, 0xCEA4, 0xFFF4, 0xCEA4, 0xFFF4, 0xF7C8, 0xECC8, 0x9AC7, 0x0821, 0x0821, 0x0821,
  0x0821, 0x0821, 0x0821, 0x9AC7, 0xECC8, 0xF7C8, 0xFFF4, 0xF7C8, 0xFFF4, 0xF7C8, 0xECC8, 0x9AC7, 0x0821, 0x0821, 0x0821, 0x0821,
  0x0821, 0x0821, 0x0821, 0x0821, 0x9AC7, 0xECC8, 0xECC8, 0xECC8, 0xECC8, 0xECC8, 0x9AC7, 0x0821, 0x0821, 0x0821, 0x0821, 0x0821,
  0x0821, 0x0821, 0x0821, 0x0821, 0x0821, 0x9AC7, 0x9AC7, 0x9AC7, 0x9AC7, 0x9AC7, 0x0821, 0x0821, 0x0821, 0x0821, 0x0821, 0x0821,
  0x0821, 0x0821, 0x0821, 0x0821, 0x0821, 0x0821, 0x0821, 0x0821, 0x0821, 0x0821, 0x0821, 0x0821, 0x0821, 0x0821, 0x0821, 0x0821,
  0x0821, 0x0821, 0x0821, 0x0821, 0x0821, 0x0821, 0x0821, 0x0821, 0x0821, 0x0821, 0x0821, 0x0821, 0x0821, 0x0821, 0x0821, 0x0821,
  0x0821, 0x0821, 0x0821, 0x0821, 0x0821, 0x0821, 0x0821, 0x0821, 0x0821, 0x0821, 0x0821, 0x0821, 0x0821, 0x0821, 0x0821, 0x0821
};

static const uint16_t spr_coin2[256] PROGMEM = {
  0x0821, 0x0821, 0x0821, 0x0821, 0x0821, 0x0821, 0x0821, 0x0821, 0x0821, 0x0821, 0x0821, 0x0821, 0x0821, 0x0821, 0x0821, 0x0821,
  0x0821, 0x0821, 0x0821, 0x0821, 0x0821, 0x0821, 0x0821, 0x0821, 0x0821, 0x0821, 0x0821, 0x0821, 0x0821, 0x0821, 0x0821, 0x0821,
  0x0821, 0x0821, 0x0821, 0x0821, 0x0821, 0x9AC7, 0x9AC7, 0x9AC7, 0x9AC7, 0x0821, 0x0821, 0x0821, 0x0821, 0x0821, 0x0821, 0x0821,
  0x0821, 0x0821, 0x0821, 0x0821, 0x9AC7, 0xECC8, 0x9AC7, 0xFFF4, 0xF7C8, 0x9AC7, 0x0821, 0x0821, 0x0821, 0x0821, 0x0821, 0x0821,
  0x0821, 0x0821, 0x0821, 0x9AC7, 0xECC8, 0x9AC7, 0xFFF4, 0xFFF4, 0xFFF4, 0xF7C8, 0x9AC7, 0x0821, 0x0821, 0x0821, 0x0821, 0x0821,
  0x0821, 0x0821, 0x0821, 0x9AC7, 0xECC8, 0x9AC7, 0xFFF4, 0xFFF4, 0xFFF4, 0xF7C8, 0xF7C8, 0x9AC7, 0x0821, 0x0821, 0x0821, 0x0821,
  0x0821, 0x0821, 0x9AC7, 0xECC8, 0x9AC7, 0xFFF4, 0xFFF4, 0xF7C8, 0xFFF4, 0xFFF4, 0xF7C8, 0x9AC7, 0x0821, 0x0821, 0x0821, 0x0821,
  0x0821, 0x0821, 0x9AC7, 0xECC8, 0x9AC7, 0xFFF4, 0xF7C8, 0xFFF4, 0xFFF4, 0xCEA4, 0xFFF4, 0x9AC7, 0x0821, 0x0821, 0x0821, 0x0821,
  0x0821, 0x0821, 0x9AC7, 0xECC8, 0x9AC7, 0xF7C8, 0xCEA4, 0xFFF4, 0xCEA4, 0xCEA4, 0xFFF4, 0x9AC7, 0x0821, 0x0821, 0x0821, 0x0821,
  0x0821, 0x0821, 0x0821, 0x9AC7, 0xECC8, 0x9AC7, 0xF7C8, 0xF7C8, 0xCEA4, 0xF7C8, 0xECC8, 0x9AC7, 0x0821, 0x0821, 0x0821, 0x0821,
  0x0821, 0x0821, 0x0821, 0x9AC7, 0xECC8, 0x9AC7, 0xECC8, 0xF7C8, 0xFFF4, 0xECC8, 0x9AC7, 0x0821, 0x0821, 0x0821, 0x0821, 0x0821,
  0x0821, 0x0821, 0x0821, 0x0821, 0x9AC7, 0xECC8, 0x9AC7, 0xECC8, 0xECC8, 0x9AC7, 0x0821, 0x0821, 0x0821, 0x0821, 0x0821, 0x0821,
  0x0821, 0x0821, 0x0821, 0x0821, 0x0821, 0x9AC7, 0x9AC7, 0x9AC7, 0x9AC7, 0x0821, 0x0821, 0x0821, 0x0821, 0x0821, 0x0821, 0x0821,
  0x0821, 0x0821, 0x0821, 0x0821, 0x0821, 0x0821, 0x0821, 0x0821, 0x0821, 0x0821, 0x0821, 0x0821, 0x0821, 0x0821, 0x0821, 0x0821,
  0x0821, 0x0821, 0x0821, 0x0821, 0x0821, 0x0821, 0x0821, 0x0821, 0x0821, 0x0821, 0x0821, 0x0821, 0x0821, 0x0821, 0x0821, 0x0821,
  0x0821, 0x0821, 0x0821, 0x0821, 0x0821, 0x0821, 0x0821, 0x0821, 0x0821, 0x0821, 0x0821, 0x0821, 0x0821, 0x0821, 0x0821, 0x0821
};

static const uint16_t spr_fire_a[256] PROGMEM = {
  0x0821, 0x0821, 0x0821, 0x0821, 0x0821, 0x0821, 0x0821, 0x0821, 0x0821, 0x0821, 0x0821, 0x0821, 0x0821, 0x0821, 0x0821, 0x0821,
  0x0821, 0x0821, 0x0821, 0xFDC7, 0x0821, 0x0821, 0x0821, 0x0821, 0xABC3, 0x0821, 0x0821, 0x0821, 0x0821, 0x0821, 0x0821, 0x0821,
  0x0821, 0x0821, 0x0821, 0x0821, 0x0821, 0x0821, 0x0821, 0x0821, 0xABC3, 0xABC3, 0x0821, 0x0821, 0x0821, 0x0821, 0x0821, 0x0821,
  0x0821, 0x0821, 0x0821, 0x0821, 0x0821, 0x0821, 0x0821, 0xABC3, 0xFDC7, 0xFDC7, 0xABC3, 0x0821, 0x0821, 0x0821, 0x0821, 0x0821,
  0x0821, 0x0821, 0x0821, 0x0821, 0x0821, 0x0821, 0xABC3, 0xFDC7, 0xFDC7, 0xFFD0, 0xFDC7, 0xABC3, 0x0821, 0x0821, 0x0821, 0x0821,
  0x0821, 0x0821, 0x0821, 0x0821, 0x0821, 0xABC3, 0xFDC7, 0xFDC7, 0xFFD0, 0xFFD0, 0xFDC7, 0xFDC7, 0xABC3, 0x0821, 0x0821, 0x0821,
  0x0821, 0x0821, 0x0821, 0x0821, 0xABC3, 0xFDC7, 0xFDC7, 0xFFD0, 0xFFD0, 0xFFD0, 0xFDC7, 0xFDC7, 0xFDC7, 0xABC3, 0x0821, 0x0821,
  0x0821, 0x0821, 0x0821, 0xABC3, 0xFDC7, 0xFDC7, 0xFDC7, 0xFFD0, 0xFFD0, 0xFFD0, 0xFFD0, 0xFDC7, 0xFDC7, 0xABC3, 0x0821, 0x0821,
  0x0821, 0x0821, 0xABC3, 0xFDC7, 0xFDC7, 0xFDC7, 0xFFD0, 0xFFD0, 0xFFD0, 0xFFD0, 0xFFD0, 0xFFD0, 0xFDC7, 0xABC3, 0x0821, 0x0821,
  0x0821, 0x0821, 0xABC3, 0xFDC7, 0xFDC7, 0xFFD0, 0xFFD0, 0xFFD0, 0xFFFF, 0xFFD0, 0xFFD0, 0xFDC7, 0xFDC7, 0xABC3, 0x0821, 0x0821,
  0x0821, 0xABC3, 0xFDC7, 0xFDC7, 0xFFD0, 0xFFD0, 0xFFD0, 0xFFFF, 0xFFFF, 0xFFD0, 0xFFD0, 0xFDC7, 0xABC3, 0x0821, 0x0821, 0x0821,
  0x0821, 0xABC3, 0xFDC7, 0xFDC7, 0xFFD0, 0xFFD0, 0xFFD0, 0xFFFF, 0xFFFF, 0xFFD0, 0xFFD0, 0xFFD0, 0xFDC7, 0xABC3, 0x0821, 0x0821,
  0x0821, 0xABC3, 0xFDC7, 0xFFD0, 0xFFD0, 0xFFD0, 0xFFD0, 0xFFFF, 0xFFFF, 0xFFFF, 0xFFD0, 0xFFD0, 0xFFD0, 0xFDC7, 0x0821, 0x0821,
  0x0821, 0x0821, 0xFDC7, 0xFFD0, 0xFFD0, 0xFFD0, 0xFFFF, 0xFFFF, 0xFFFF, 0xFFFF, 0xFFFF, 0xFFD0, 0xFFD0, 0xFDC7, 0x0821, 0x0821,
  0x0821, 0x0821, 0x0821, 0xFDC7, 0xFFD0, 0xFFD0, 0xFFFF, 0xFFFF, 0xFFFF, 0xFFFF, 0xFFFF, 0xFFD0, 0xFFD0, 0xFDC7, 0x0821, 0x0821,
  0x0821, 0x0821, 0x0821, 0x0821, 0xFDC7, 0xFFD0, 0xFFFF, 0xFFFF, 0xFFFF, 0xFFFF, 0xFFD0, 0xFFD0, 0xFDC7, 0x0821, 0x0821, 0x0821
};

static const uint16_t spr_fire_b[256] PROGMEM = {
  0x0821, 0x0821, 0x0821, 0x0821, 0x0821, 0x0821, 0x0821, 0x0821, 0x0821, 0x0821, 0x0821, 0x0821, 0x0821, 0x0821, 0x0821, 0x0821,
  0x0821, 0x0821, 0x0821, 0x0821, 0x0821, 0x0821, 0x0821, 0xABC3, 0x0821, 0x0821, 0x0821, 0x0821, 0x0821, 0x0821, 0x0821, 0x0821,
  0x0821, 0x0821, 0x0821, 0x0821, 0x0821, 0x0821, 0xABC3, 0xFDC7, 0xABC3, 0x0821, 0x0821, 0x0821, 0x0821, 0x0821, 0x0821, 0x0821,
  0x0821, 0x0821, 0x0821, 0x0821, 0x0821, 0x0821, 0xABC3, 0xFDC7, 0xFDC7, 0xABC3, 0x0821, 0x0821, 0x0821, 0xFDC7, 0x0821, 0x0821,
  0x0821, 0x0821, 0x0821, 0x0821, 0x0821, 0xABC3, 0xFDC7, 0xFDC7, 0xFDC7, 0xFDC7, 0xABC3, 0x0821, 0x0821, 0xFDC7, 0x0821, 0x0821,
  0x0821, 0xFDC7, 0x0821, 0x0821, 0xABC3, 0xFDC7, 0xFDC7, 0xFFD0, 0xFDC7, 0xFDC7, 0xFDC7, 0xABC3, 0x0821, 0x0821, 0x0821, 0x0821,
  0x0821, 0x0821, 0x0821, 0xABC3, 0xFDC7, 0xFDC7, 0xFDC7, 0xFFD0, 0xFFD0, 0xFDC7, 0xFDC7, 0xABC3, 0x0821, 0x0821, 0x0821, 0x0821,
  0x0821, 0x0821, 0x0821, 0xABC3, 0xFDC7, 0xFDC7, 0xFFD0, 0xFFD0, 0xFFD0, 0xFDC7, 0xFDC7, 0xFDC7, 0xABC3, 0x0821, 0x0821, 0x0821,
  0x0821, 0x0821, 0xABC3, 0xFDC7, 0xFDC7, 0xFFD0, 0xFFD0, 0xFFD0, 0xFFD0, 0xFFD0, 0xFDC7, 0xFDC7, 0xABC3, 0x0821, 0x0821, 0x0821,
  0x0821, 0x0821, 0xABC3, 0xABC3, 0xFDC7, 0xFDC7, 0xFFD0, 0xFFD0, 0xFFD0, 0xFFD0, 0xFDC7, 0xABC3, 0xFDC7, 0xABC3, 0x0821, 0x0821,
  0x0821, 0x0821, 0xABC3, 0xFDC7, 0xFDC7, 0xFFD0, 0xFDC7, 0xFDC7, 0xFDC7, 0xFDC7, 0xFFD0, 0xFDC7, 0xFDC7, 0xABC3, 0x0821, 0x0821,
  0x0821, 0xABC3, 0xFDC7, 0xFDC7, 0xFFD0, 0xFFD0, 0xFFD0, 0xFFD0, 0xFFD0, 0xFFD0, 0xFFD0, 0xFFD0, 0xFDC7, 0xFDC7, 0xABC3, 0x0821,
  0x0821, 0xABC3, 0xFDC7, 0xFFD0, 0xFFD0, 0xFFD0, 0xFFD0, 0xFFFF, 0xFFFF, 0xFFFF, 0xFFD0, 0xFFD0, 0xFFD0, 0xFDC7, 0xFDC7, 0x0821,
  0x0821, 0x0821, 0xFDC7, 0xFFD0, 0xFFD0, 0xFFD0, 0xFFFF, 0xFFFF, 0xFFFF, 0xFFFF, 0xFFFF, 0xFFD0, 0xFFD0, 0xFFD0, 0xFDC7, 0x0821,
  0x0821, 0x0821, 0x0821, 0xFDC7, 0xFFD0, 0xFFD0, 0xFFFF, 0xFFFF, 0xFFFF, 0xFFFF, 0xFFFF, 0xFFD0, 0xFFD0, 0xFDC7, 0x0821, 0x0821,
  0x0821, 0x0821, 0x0821, 0x0821, 0xFDC7, 0xFFD0, 0xFFFF, 0xFFFF, 0xFFFF, 0xFFFF, 0xFFD0, 0xFFD0, 0xFDC7, 0x0821, 0x0821, 0x0821
};

// ===== KARAKTER SPRITE'LARI (16x32) =====

// Her sprite 16x32 piksel (2x16px satir birlestirme)

static const uint16_t char_down_1[512] PROGMEM = {
  0x0821, 0x0821, 0x0821, 0x0821, 0x0821, 0x0821, 0x0821, 0x0821, 0x0821, 0x0821, 0x0821, 0x0821, 0x0821, 0x0821, 0x0821, 0x0821,
  0x0821, 0x0821, 0x0821, 0x0821, 0x0821, 0x0821, 0x0821, 0x0821, 0x0821, 0x0821, 0x0821, 0x0821, 0x0821, 0x0821, 0x0821, 0x0821,
  0x0821, 0x0821, 0x0821, 0x0821, 0x0821, 0x0821, 0x0821, 0x0821, 0x0821, 0x0821, 0x0821, 0x0821, 0x0821, 0x0821, 0x0821, 0x0821,
  0x0821, 0x0821, 0x0821, 0x0821, 0x0821, 0x0821, 0x0821, 0x0821, 0x0821, 0x0821, 0x0821, 0x0821, 0x0821, 0x0821, 0x0821, 0x0821,
  0x0821, 0x0821, 0x0821, 0x0821, 0x0821, 0x0821, 0x0821, 0x0821, 0x0821, 0x0821, 0x0821, 0x0821, 0x0821, 0x0821, 0x0821, 0x0821,
  0x0821, 0x0821, 0x0821, 0x0821, 0x0821, 0x0821, 0x0821, 0x0821, 0x0821, 0x0821, 0x0821, 0x0821, 0x0821, 0x0821, 0x0821, 0x0821,
  0x0821, 0x0821, 0x0821, 0x0821, 0x0821, 0x0821, 0x0821, 0x0821, 0x0821, 0x4164, 0x4164, 0x0821, 0x0821, 0x0821, 0x0821, 0x0821,
  0x0821, 0x0821, 0x0821, 0x0821, 0x0821, 0x4164, 0x4164, 0x4164, 0x4164, 0x6A46, 0x6A46, 0x4164, 0x4164, 0x10A2, 0x0821, 0x0821,
  0x0821, 0x0821, 0x0821, 0x4164, 0x4164, 0x6A46, 0x6A46, 0x6A46, 0x6A46, 0x4164, 0x10A2, 0x6A46, 0x6A46, 0x6A46, 0x10A2, 0x0821,
  0x0821, 0x0821, 0x4164, 0x6A46, 0x6A46, 0x6A46, 0x6A46, 0x6A46, 0x6A46, 0x6A46, 0x6A46, 0x6A46, 0x4164, 0x10A2, 0x0821, 0x0821,
  0x0821, 0x0821, 0x4164, 0x6A46, 0x6A46, 0x4164, 0x4164, 0x4164, 0x4164, 0x4164, 0x6A46, 0x6A46, 0x6A46, 0x4164, 0x10A2, 0x0821,
  0x0821, 0x4164, 0x6A46, 0x4164, 0x4164, 0xBD30, 0xBD30, 0xBD30, 0xBD30, 0xBD30, 0x4164, 0x4164, 0x4164, 0x4164, 0x4164, 0x10A2,
  0x0821, 0x4164, 0x4164, 0xBD30, 0xBD30, 0xEEB6, 0xEEB6, 0xEEB6, 0xEEB6, 0xEEB6, 0xBD30, 0xBD30, 0x4164, 0x4164, 0x4164, 0x10A2,
  0x0821, 0x10A2, 0x4164, 0xBD30, 0xEEB6, 0xEEB6, 0xEEB6, 0xEEB6, 0xEEB6, 0xEEB6, 0xEEB6, 0xEEB6, 0xBD30, 0x10A2, 0x10A2, 0x0821,
  0x0821, 0x10A2, 0xBD30, 0xEEB6, 0xEEB6, 0x10A2, 0xEEB6, 0xEEB6, 0xEEB6, 0xEEB6, 0x10A2, 0xEEB6, 0xEEB6, 0xBD30, 0x10A2, 0x0821,
  0x0821, 0x0821, 0x10A2, 0xEEB6, 0xEEB6, 0x10A2, 0xEEB6, 0xEEB6, 0xEEB6, 0xEEB6, 0x10A2, 0xEEB6, 0xEEB6, 0x10A2, 0x0821, 0x0821,
  0x0821, 0x0821, 0x10A2, 0xBD30, 0xEEB6, 0xEEB6, 0xEEB6, 0xEEB6, 0xEEB6, 0xEEB6, 0xEEB6, 0xEEB6, 0xBD30, 0x10A2, 0x0821, 0x0821,
  0x0821, 0x0821, 0x0821, 0x10A2, 0xBD30, 0xEEB6, 0xEEB6, 0xEEB6, 0xEEB6, 0xEEB6, 0xEEB6, 0xBD30, 0x10A2, 0x0821, 0x0821, 0x0821,
  0x0821, 0x0821, 0x68E3, 0xC1E7, 0xC1E7, 0xC1E7, 0xBD30, 0xEEB6, 0xEEB6, 0xBD30, 0xC1E7, 0xC1E7, 0xC1E7, 0x10A2, 0x0821, 0x0821,
  0x0821, 0x0821, 0x68E3, 0xC1E7, 0x8965, 0xC1E7, 0xC1E7, 0xC1E7, 0xC1E7, 0xC1E7, 0xC1E7, 0x8965, 0xC1E7, 0x10A2, 0x0821, 0x0821,
  0x0821, 0x10A2, 0xEEB6, 0xBD30, 0x10A2, 0x8965, 0xC1E7, 0xC1E7, 0xC1E7, 0xC1E7, 0x8965, 0x10A2, 0xBD30, 0xEEB6, 0x10A2, 0x0821,
  0x0821, 0x10A2, 0xBD30, 0xBD30, 0x10A2, 0x4164, 0x4164, 0xFFDF, 0xFFDF, 0x4164, 0x4164, 0x10A2, 0xBD30, 0xBD30, 0x10A2, 0x0821,
  0x0821, 0x0821, 0x10A2, 0x10A2, 0x10A2, 0x8965, 0x8965, 0x8965, 0x8965, 0x8965, 0x8965, 0x10A2, 0x10A2, 0x10A2, 0x0821, 0x0821,
  0x0821, 0x0821, 0x0821, 0x0821, 0x10A2, 0x5437, 0x6333, 0x10A2, 0x10A2, 0x6333, 0x5437, 0x10A2, 0x0821, 0x0821, 0x0821, 0x0821,
  0x0821, 0x0821, 0x0821, 0x2946, 0x10A2, 0x6A46, 0x6A46, 0x10A2, 0x10A2, 0x6A46, 0x6A46, 0x10A2, 0x2946, 0x0821, 0x0821, 0x0821,
  0x0821, 0x0821, 0x2946, 0x2946, 0x2946, 0x10A2, 0x10A2, 0x2946, 0x2946, 0x10A2, 0x10A2, 0x2946, 0x2946, 0x2946, 0x0821, 0x0821,
  0x0821, 0x0821, 0x0821, 0x2946, 0x2946, 0x2946, 0x2946, 0x2946, 0x2946, 0x2946, 0x2946, 0x2946, 0x2946, 0x0821, 0x0821, 0x0821,
  0x0821, 0x0821, 0x0821, 0x0821, 0x0821, 0x2946, 0x2946, 0x2946, 0x2946, 0x2946, 0x2946, 0x0821, 0x0821, 0x0821, 0x0821, 0x0821,
  0x0821, 0x0821, 0x0821, 0x0821, 0x0821, 0x0821, 0x0821, 0x0821, 0x0821, 0x0821, 0x0821, 0x0821, 0x0821, 0x0821, 0x0821, 0x0821,
  0x0821, 0x0821, 0x0821, 0x0821, 0x0821, 0x0821, 0x0821, 0x0821, 0x0821, 0x0821, 0x0821, 0x0821, 0x0821, 0x0821, 0x0821, 0x0821,
  0x0821, 0x0821, 0x0821, 0x0821, 0x0821, 0x0821, 0x0821, 0x0821, 0x0821, 0x0821, 0x0821, 0x0821, 0x0821, 0x0821, 0x0821, 0x0821,
  0x0821, 0x0821, 0x0821, 0x0821, 0x0821, 0x0821, 0x0821, 0x0821, 0x0821, 0x0821, 0x0821, 0x0821, 0x0821, 0x0821, 0x0821, 0x0821
};

static const uint16_t char_down_2[512] PROGMEM = {
  0x0821, 0x0821, 0x0821, 0x0821, 0x0821, 0x0821, 0x0821, 0x0821, 0x0821, 0x0821, 0x0821, 0x0821, 0x0821, 0x0821, 0x0821, 0x0821,
  0x0821, 0x0821, 0x0821, 0x0821, 0x0821, 0x0821, 0x0821, 0x0821, 0x0821, 0x0821, 0x0821, 0x0821, 0x0821, 0x0821, 0x0821, 0x0821,
  0x0821, 0x0821, 0x0821, 0x0821, 0x0821, 0x0821, 0x0821, 0x0821, 0x0821, 0x0821, 0x0821, 0x0821, 0x0821, 0x0821, 0x0821, 0x0821,
  0x0821, 0x0821, 0x0821, 0x0821, 0x0821, 0x0821, 0x0821, 0x0821, 0x0821, 0x0821, 0x0821, 0x0821, 0x0821, 0x0821, 0x0821, 0x0821,
  0x0821, 0x0821, 0x0821, 0x0821, 0x0821, 0x0821, 0x0821, 0x0821, 0x0821, 0x0821, 0x0821, 0x0821, 0x0821, 0x0821, 0x0821, 0x0821,
  0x0821, 0x0821, 0x0821, 0x0821, 0x0821, 0x0821, 0x0821, 0x0821, 0x0821, 0x0821, 0x0821, 0x0821, 0x0821, 0x0821, 0x0821, 0x0821,
  0x0821, 0x0821, 0x0821, 0x0821, 0x0821, 0x0821, 0x0821, 0x0821, 0x0821, 0x0821, 0x0821, 0x0821, 0x0821, 0x0821, 0x0821, 0x0821,
  0x0821, 0x0821, 0x0821, 0x0821, 0x0821, 0x0821, 0x0821, 0x0821, 0x0821, 0x4164, 0x4164, 0x0821, 0x0821, 0x0821, 0x0821, 0x0821,
  0x0821, 0x0821, 0x0821, 0x0821, 0x0821, 0x4164, 0x4164, 0x4164, 0x4164, 0x6A46, 0x6A46, 0x4164, 0x4164, 0x10A2, 0x0821, 0x0821,
  0x0821, 0x0821, 0x0821, 0x4164, 0x4164, 0x6A46, 0x6A46, 0x6A46, 0x6A46, 0x4164, 0x10A2, 0x6A46, 0x6A46, 0x6A46, 0x10A2, 0x0821,
  0x0821, 0x0821, 0x4164, 0x6A46, 0x6A46, 0x6A46, 0x6A46, 0x6A46, 0x6A46, 0x6A46, 0x6A46, 0x6A46, 0x4164, 0x10A2, 0x0821, 0x0821,
  0x0821, 0x0821, 0x4164, 0x6A46, 0x6A46, 0x4164, 0x4164, 0x4164, 0x4164, 0x4164, 0x6A46, 0x6A46, 0x6A46, 0x4164, 0x10A2, 0x0821,
  0x0821, 0x4164, 0x6A46, 0x4164, 0x4164, 0xBD30, 0xBD30, 0xBD30, 0xBD30, 0xBD30, 0x4164, 0x4164, 0x4164, 0x4164, 0x4164, 0x10A2,
  0x0821, 0x4164, 0x4164, 0xBD30, 0xBD30, 0xEEB6, 0xEEB6, 0xEEB6, 0xEEB6, 0xEEB6, 0xBD30, 0xBD30, 0x4164, 0x4164, 0x4164, 0x10A2,
  0x0821, 0x10A2, 0x4164, 0xBD30, 0xEEB6, 0xEEB6, 0xEEB6, 0xEEB6, 0xEEB6, 0xEEB6, 0xEEB6, 0xEEB6, 0xBD30, 0x10A2, 0x10A2, 0x0821,
  0x0821, 0x10A2, 0xBD30, 0xEEB6, 0xEEB6, 0x10A2, 0xEEB6, 0xEEB6, 0xEEB6, 0xEEB6, 0x10A2, 0xEEB6, 0xEEB6, 0xBD30, 0x10A2, 0x0821,
  0x0821, 0x0821, 0x10A2, 0xEEB6, 0xEEB6, 0x10A2, 0xEEB6, 0xEEB6, 0xEEB6, 0xEEB6, 0x10A2, 0xEEB6, 0xEEB6, 0x10A2, 0x0821, 0x0821,
  0x0821, 0x0821, 0x10A2, 0xBD30, 0xEEB6, 0xEEB6, 0xEEB6, 0xEEB6, 0xEEB6, 0xEEB6, 0xEEB6, 0xEEB6, 0xBD30, 0x10A2, 0x0821, 0x0821,
  0x0821, 0x0821, 0x0821, 0x10A2, 0xBD30, 0xEEB6, 0xEEB6, 0xEEB6, 0xEEB6, 0xEEB6, 0xEEB6, 0xBD30, 0x10A2, 0x0821, 0x0821, 0x0821,
  0x0821, 0x0821, 0x68E3, 0xC1E7, 0xC1E7, 0xC1E7, 0xBD30, 0xEEB6, 0xEEB6, 0xBD30, 0xC1E7, 0xC1E7, 0xC1E7, 0x10A2, 0x0821, 0x0821,
  0x0821, 0x0821, 0x68E3, 0xC1E7, 0xC1E7, 0x8965, 0xC1E7, 0xC1E7, 0xC1E7, 0xC1E7, 0xC1E7, 0x10A2, 0xBD30, 0x10A2, 0x0821, 0x0821,
  0x0821, 0x0821, 0x10A2, 0xEEB6, 0xBD30, 0x10A2, 0xC1E7, 0xC1E7, 0xC1E7, 0xC1E7, 0x8965, 0x10A2, 0x10A2, 0x0821, 0x0821, 0x0821,
  0x0821, 0x0821, 0x10A2, 0xBD30, 0xBD30, 0x10A2, 0x4164, 0xFFDF, 0xFFDF, 0x4164, 0x4164, 0x10A2, 0x0821, 0x0821, 0x0821, 0x0821,
  0x0821, 0x0821, 0x0821, 0x10A2, 0x10A2, 0x8965, 0x8965, 0x8965, 0x8965, 0x8965, 0x8965, 0x10A2, 0x0821, 0x0821, 0x0821, 0x0821,
  0x0821, 0x0821, 0x0821, 0x2946, 0x10A2, 0x4164, 0x4164, 0x10A2, 0x10A2, 0x6333, 0x5437, 0x10A2, 0x2946, 0x0821, 0x0821, 0x0821,
  0x0821, 0x0821, 0x2946, 0x2946, 0x2946, 0x10A2, 0x10A2, 0x2946, 0x10A2, 0x6A46, 0x6A46, 0x10A2, 0x2946, 0x2946, 0x0821, 0x0821,
  0x0821, 0x0821, 0x0821, 0x2946, 0x2946, 0x2946, 0x2946, 0x2946, 0x2946, 0x10A2, 0x10A2, 0x2946, 0x2946, 0x0821, 0x0821, 0x0821,
  0x0821, 0x0821, 0x0821, 0x0821, 0x0821, 0x2946, 0x2946, 0x2946, 0x2946, 0x2946, 0x2946, 0x0821, 0x0821, 0x0821, 0x0821, 0x0821,
  0x0821, 0x0821, 0x0821, 0x0821, 0x0821, 0x0821, 0x0821, 0x0821, 0x0821, 0x0821, 0x0821, 0x0821, 0x0821, 0x0821, 0x0821, 0x0821,
  0x0821, 0x0821, 0x0821, 0x0821, 0x0821, 0x0821, 0x0821, 0x0821, 0x0821, 0x0821, 0x0821, 0x0821, 0x0821, 0x0821, 0x0821, 0x0821,
  0x0821, 0x0821, 0x0821, 0x0821, 0x0821, 0x0821, 0x0821, 0x0821, 0x0821, 0x0821, 0x0821, 0x0821, 0x0821, 0x0821, 0x0821, 0x0821,
  0x0821, 0x0821, 0x0821, 0x0821, 0x0821, 0x0821, 0x0821, 0x0821, 0x0821, 0x0821, 0x0821, 0x0821, 0x0821, 0x0821, 0x0821, 0x0821
};

static const uint16_t char_down_3[512] PROGMEM = {
  0x0821, 0x0821, 0x0821, 0x0821, 0x0821, 0x0821, 0x0821, 0x0821, 0x0821, 0x0821, 0x0821, 0x0821, 0x0821, 0x0821, 0x0821, 0x0821,
  0x0821, 0x0821, 0x0821, 0x0821, 0x0821, 0x0821, 0x0821, 0x0821, 0x0821, 0x0821, 0x0821, 0x0821, 0x0821, 0x0821, 0x0821, 0x0821,
  0x0821, 0x0821, 0x0821, 0x0821, 0x0821, 0x0821, 0x0821, 0x0821, 0x0821, 0x0821, 0x0821, 0x0821, 0x0821, 0x0821, 0x0821, 0x0821,
  0x0821, 0x0821, 0x0821, 0x0821, 0x0821, 0x0821, 0x0821, 0x0821, 0x0821, 0x0821, 0x0821, 0x0821, 0x0821, 0x0821, 0x0821, 0x0821,
  0x0821, 0x0821, 0x0821, 0x0821, 0x0821, 0x0821, 0x0821, 0x0821, 0x0821, 0x0821, 0x0821, 0x0821, 0x0821, 0x0821, 0x0821, 0x0821,
  0x0821, 0x0821, 0x0821, 0x0821, 0x0821, 0x0821, 0x0821, 0x0821, 0x0821, 0x0821, 0x0821, 0x0821, 0x0821, 0x0821, 0x0821, 0x0821,
  0x0821, 0x0821, 0x0821, 0x0821, 0x0821, 0x0821, 0x0821, 0x0821, 0x0821, 0x4164, 0x4164, 0x0821, 0x0821, 0x0821, 0x0821, 0x0821,
  0x0821, 0x0821, 0x0821, 0x0821, 0x0821, 0x4164, 0x4164, 0x4164, 0x4164, 0x6A46, 0x6A46, 0x4164, 0x4164, 0x10A2, 0x0821, 0x0821,
  0x0821, 0x0821, 0x0821, 0x4164, 0x4164, 0x6A46, 0x6A46, 0x6A46, 0x6A46, 0x4164, 0x10A2, 0x6A46, 0x6A46, 0x6A46, 0x10A2, 0x0821,
  0x0821, 0x0821, 0x4164, 0x6A46, 0x6A46, 0x6A46, 0x6A46, 0x6A46, 0x6A46, 0x6A46, 0x6A46, 0x6A46, 0x4164, 0x10A2, 0x0821, 0x0821,
  0x0821, 0x0821, 0x4164, 0x6A46, 0x6A46, 0x4164, 0x4164, 0x4164, 0x4164, 0x4164, 0x6A46, 0x6A46, 0x6A46, 0x4164, 0x10A2, 0x0821,
  0x0821, 0x4164, 0x6A46, 0x4164, 0x4164, 0xBD30, 0xBD30, 0xBD30, 0xBD30, 0xBD30, 0x4164, 0x4164, 0x4164, 0x4164, 0x4164, 0x10A2,
  0x0821, 0x4164, 0x4164, 0xBD30, 0xBD30, 0xEEB6, 0xEEB6, 0xEEB6, 0xEEB6, 0xEEB6, 0xBD30, 0xBD30, 0x4164, 0x4164, 0x4164, 0x10A2,
  0x0821, 0x10A2, 0x4164, 0xBD30, 0xEEB6, 0xEEB6, 0xEEB6, 0xEEB6, 0xEEB6, 0xEEB6, 0xEEB6, 0xEEB6, 0xBD30, 0x10A2, 0x10A2, 0x0821,
  0x0821, 0x10A2, 0xBD30, 0xEEB6, 0xEEB6, 0x10A2, 0xEEB6, 0xEEB6, 0xEEB6, 0xEEB6, 0x10A2, 0xEEB6, 0xEEB6, 0xBD30, 0x10A2, 0x0821,
  0x0821, 0x0821, 0x10A2, 0xEEB6, 0xEEB6, 0x10A2, 0xEEB6, 0xEEB6, 0xEEB6, 0xEEB6, 0x10A2, 0xEEB6, 0xEEB6, 0x10A2, 0x0821, 0x0821,
  0x0821, 0x0821, 0x10A2, 0xBD30, 0xEEB6, 0xEEB6, 0xEEB6, 0xEEB6, 0xEEB6, 0xEEB6, 0xEEB6, 0xEEB6, 0xBD30, 0x10A2, 0x0821, 0x0821,
  0x0821, 0x0821, 0x0821, 0x10A2, 0xBD30, 0xEEB6, 0xEEB6, 0xEEB6, 0xEEB6, 0xEEB6, 0xEEB6, 0xBD30, 0x10A2, 0x0821, 0x0821, 0x0821,
  0x0821, 0x0821, 0x68E3, 0xC1E7, 0xC1E7, 0xC1E7, 0xBD30, 0xEEB6, 0xEEB6, 0xBD30, 0xC1E7, 0xC1E7, 0xC1E7, 0x10A2, 0x0821, 0x0821,
  0x0821, 0x0821, 0x68E3, 0xC1E7, 0x8965, 0xC1E7, 0xC1E7, 0xC1E7, 0xC1E7, 0xC1E7, 0xC1E7, 0x8965, 0xC1E7, 0x10A2, 0x0821, 0x0821,
  0x0821, 0x10A2, 0xEEB6, 0xBD30, 0x10A2, 0x8965, 0xC1E7, 0xC1E7, 0xC1E7, 0xC1E7, 0x8965, 0x10A2, 0xBD30, 0xEEB6, 0x10A2, 0x0821,
  0x0821, 0x10A2, 0xBD30, 0xBD30, 0x10A2, 0x4164, 0x4164, 0xFFDF, 0xFFDF, 0x4164, 0x4164, 0x10A2, 0xBD30, 0xBD30, 0x10A2, 0x0821,
  0x0821, 0x0821, 0x10A2, 0x10A2, 0x10A2, 0x8965, 0x8965, 0x8965, 0x8965, 0x8965, 0x8965, 0x10A2, 0x10A2, 0x10A2, 0x0821, 0x0821,
  0x0821, 0x0821, 0x0821, 0x0821, 0x10A2, 0x5437, 0x6333, 0x10A2, 0x10A2, 0x6333, 0x5437, 0x10A2, 0x0821, 0x0821, 0x0821, 0x0821,
  0x0821, 0x0821, 0x0821, 0x2946, 0x10A2, 0x6A46, 0x6A46, 0x10A2, 0x10A2, 0x6A46, 0x6A46, 0x10A2, 0x2946, 0x0821, 0x0821, 0x0821,
  0x0821, 0x0821, 0x2946, 0x2946, 0x2946, 0x10A2, 0x10A2, 0x2946, 0x2946, 0x10A2, 0x10A2, 0x2946, 0x2946, 0x2946, 0x0821, 0x0821,
  0x0821, 0x0821, 0x0821, 0x2946, 0x2946, 0x2946, 0x2946, 0x2946, 0x2946, 0x2946, 0x2946, 0x2946, 0x2946, 0x0821, 0x0821, 0x0821,
  0x0821, 0x0821, 0x0821, 0x0821, 0x0821, 0x2946, 0x2946, 0x2946, 0x2946, 0x2946, 0x2946, 0x0821, 0x0821, 0x0821, 0x0821, 0x0821,
  0x0821, 0x0821, 0x0821, 0x0821, 0x0821, 0x0821, 0x0821, 0x0821, 0x0821, 0x0821, 0x0821, 0x0821, 0x0821, 0x0821, 0x0821, 0x0821,
  0x0821, 0x0821, 0x0821, 0x0821, 0x0821, 0x0821, 0x0821, 0x0821, 0x0821, 0x0821, 0x0821, 0x0821, 0x0821, 0x0821, 0x0821, 0x0821,
  0x0821, 0x0821, 0x0821, 0x0821, 0x0821, 0x0821, 0x0821, 0x0821, 0x0821, 0x0821, 0x0821, 0x0821, 0x0821, 0x0821, 0x0821, 0x0821,
  0x0821, 0x0821, 0x0821, 0x0821, 0x0821, 0x0821, 0x0821, 0x0821, 0x0821, 0x0821, 0x0821, 0x0821, 0x0821, 0x0821, 0x0821, 0x0821
};

static const uint16_t char_down_4[512] PROGMEM = {
  0x0821, 0x0821, 0x0821, 0x0821, 0x0821, 0x0821, 0x0821, 0x0821, 0x0821, 0x0821, 0x0821, 0x0821, 0x0821, 0x0821, 0x0821, 0x0821,
  0x0821, 0x0821, 0x0821, 0x0821, 0x0821, 0x0821, 0x0821, 0x0821, 0x0821, 0x0821, 0x0821, 0x0821, 0x0821, 0x0821, 0x0821, 0x0821,
  0x0821, 0x0821, 0x0821, 0x0821, 0x0821, 0x0821, 0x0821, 0x0821, 0x0821, 0x0821, 0x0821, 0x0821, 0x0821, 0x0821, 0x0821, 0x0821,
  0x0821, 0x0821, 0x0821, 0x0821, 0x0821, 0x0821, 0x0821, 0x0821, 0x0821, 0x0821, 0x0821, 0x0821, 0x0821, 0x0821, 0x0821, 0x0821,
  0x0821, 0x0821, 0x0821, 0x0821, 0x0821, 0x0821, 0x0821, 0x0821, 0x0821, 0x0821, 0x0821, 0x0821, 0x0821, 0x0821, 0x0821, 0x0821,
  0x0821, 0x0821, 0x0821, 0x0821, 0x0821, 0x0821, 0x0821, 0x0821, 0x0821, 0x0821, 0x0821, 0x0821, 0x0821, 0x0821, 0x0821, 0x0821,
  0x0821, 0x0821, 0x0821, 0x0821, 0x0821, 0x0821, 0x0821, 0x0821, 0x0821, 0x0821, 0x0821, 0x0821, 0x0821, 0x0821, 0x0821, 0x0821,
  0x0821, 0x0821, 0x0821, 0x0821, 0x0821, 0x0821, 0x0821, 0x0821, 0x0821, 0x4164, 0x4164, 0x0821, 0x0821, 0x0821, 0x0821, 0x0821,
  0x0821, 0x0821, 0x0821, 0x0821, 0x0821, 0x4164, 0x4164, 0x4164, 0x4164, 0x6A46, 0x6A46, 0x4164, 0x4164, 0x10A2, 0x0821, 0x0821,
  0x0821, 0x0821, 0x0821, 0x4164, 0x4164, 0x6A46, 0x6A46, 0x6A46, 0x6A46, 0x4164, 0x10A2, 0x6A46, 0x6A46, 0x6A46, 0x10A2, 0x0821,
  0x0821, 0x0821, 0x4164, 0x6A46, 0x6A46, 0x6A46, 0x6A46, 0x6A46, 0x6A46, 0x6A46, 0x6A46, 0x6A46, 0x4164, 0x10A2, 0x0821, 0x0821,
  0x0821, 0x0821, 0x4164, 0x6A46, 0x6A46, 0x4164, 0x4164, 0x4164, 0x4164, 0x4164, 0x6A46, 0x6A46, 0x6A46, 0x4164, 0x10A2, 0x0821,
  0x0821, 0x4164, 0x6A46, 0x4164, 0x4164, 0xBD30, 0xBD30, 0xBD30, 0xBD30, 0xBD30, 0x4164, 0x4164, 0x4164, 0x4164, 0x4164, 0x10A2,
  0x0821, 0x4164, 0x4164, 0xBD30, 0xBD30, 0xEEB6, 0xEEB6, 0xEEB6, 0xEEB6, 0xEEB6, 0xBD30, 0xBD30, 0x4164, 0x4164, 0x4164, 0x10A2,
  0x0821, 0x10A2, 0x4164, 0xBD30, 0xEEB6, 0xEEB6, 0xEEB6, 0xEEB6, 0xEEB6, 0xEEB6, 0xEEB6, 0xEEB6, 0xBD30, 0x10A2, 0x10A2, 0x0821,
  0x0821, 0x10A2, 0xBD30, 0xEEB6, 0xEEB6, 0x10A2, 0xEEB6, 0xEEB6, 0xEEB6, 0xEEB6, 0x10A2, 0xEEB6, 0xEEB6, 0xBD30, 0x10A2, 0x0821,
  0x0821, 0x0821, 0x10A2, 0xEEB6, 0xEEB6, 0x10A2, 0xEEB6, 0xEEB6, 0xEEB6, 0xEEB6, 0x10A2, 0xEEB6, 0xEEB6, 0x10A2, 0x0821, 0x0821,
  0x0821, 0x0821, 0x10A2, 0xBD30, 0xEEB6, 0xEEB6, 0xEEB6, 0xEEB6, 0xEEB6, 0xEEB6, 0xEEB6, 0xEEB6, 0xBD30, 0x10A2, 0x0821, 0x0821,
  0x0821, 0x0821, 0x0821, 0x10A2, 0xBD30, 0xEEB6, 0xEEB6, 0xEEB6, 0xEEB6, 0xEEB6, 0xEEB6, 0xBD30, 0x10A2, 0x0821, 0x0821, 0x0821,
  0x0821, 0x0821, 0x68E3, 0xC1E7, 0xC1E7, 0xC1E7, 0xBD30, 0xEEB6, 0xEEB6, 0xBD30, 0xC1E7, 0xC1E7, 0xC1E7, 0x10A2, 0x0821, 0x0821,
  0x0821, 0x0821, 0x10A2, 0xBD30, 0x10A2, 0xC1E7, 0xC1E7, 0xC1E7, 0xC1E7, 0xC1E7, 0x8965, 0xC1E7, 0xC1E7, 0x10A2, 0x0821, 0x0821,
  0x0821, 0x0821, 0x0821, 0x10A2, 0x10A2, 0x8965, 0xC1E7, 0xC1E7, 0xC1E7, 0xC1E7, 0x10A2, 0xBD30, 0xEEB6, 0x10A2, 0x0821, 0x0821,
  0x0821, 0x0821, 0x0821, 0x0821, 0x10A2, 0x4164, 0x4164, 0xFFDF, 0xFFDF, 0x4164, 0x10A2, 0xBD30, 0xBD30, 0x10A2, 0x0821, 0x0821,
  0x0821, 0x0821, 0x0821, 0x0821, 0x10A2, 0x8965, 0x8965, 0x8965, 0x8965, 0x8965, 0x8965, 0x10A2, 0x10A2, 0x0821, 0x0821, 0x0821,
  0x0821, 0x0821, 0x0821, 0x2946, 0x10A2, 0x5437, 0x6333, 0x10A2, 0x10A2, 0x4164, 0x4164, 0x10A2, 0x2946, 0x0821, 0x0821, 0x0821,
  0x0821, 0x0821, 0x2946, 0x2946, 0x10A2, 0x6A46, 0x6A46, 0x10A2, 0x2946, 0x10A2, 0x10A2, 0x2946, 0x2946, 0x2946, 0x0821, 0x0821,
  0x0821, 0x0821, 0x0821, 0x2946, 0x2946, 0x10A2, 0x10A2, 0x2946, 0x2946, 0x2946, 0x2946, 0x2946, 0x2946, 0x0821, 0x0821, 0x0821,
  0x0821, 0x0821, 0x0821, 0x0821, 0x0821, 0x2946, 0x2946, 0x2946, 0x2946, 0x2946, 0x2946, 0x0821, 0x0821, 0x0821, 0x0821, 0x0821,
  0x0821, 0x0821, 0x0821, 0x0821, 0x0821, 0x0821, 0x0821, 0x0821, 0x0821, 0x0821, 0x0821, 0x0821, 0x0821, 0x0821, 0x0821, 0x0821,
  0x0821, 0x0821, 0x0821, 0x0821, 0x0821, 0x0821, 0x0821, 0x0821, 0x0821, 0x0821, 0x0821, 0x0821, 0x0821, 0x0821, 0x0821, 0x0821,
  0x0821, 0x0821, 0x0821, 0x0821, 0x0821, 0x0821, 0x0821, 0x0821, 0x0821, 0x0821, 0x0821, 0x0821, 0x0821, 0x0821, 0x0821, 0x0821,
  0x0821, 0x0821, 0x0821, 0x0821, 0x0821, 0x0821, 0x0821, 0x0821, 0x0821, 0x0821, 0x0821, 0x0821, 0x0821, 0x0821, 0x0821, 0x0821
};

static const uint16_t char_side_1[512] PROGMEM = {
  0x0821, 0x0821, 0x0821, 0x0821, 0x0821, 0x0821, 0x0821, 0x0821, 0x0821, 0x0821, 0x0821, 0x0821, 0x0821, 0x0821, 0x0821, 0x0821,
  0x0821, 0x0821, 0x0821, 0x0821, 0x0821, 0x0821, 0x0821, 0x0821, 0x0821, 0x0821, 0x0821, 0x0821, 0x0821, 0x0821, 0x0821, 0x0821,
  0x0821, 0x0821, 0x0821, 0x0821, 0x0821, 0x0821, 0x0821, 0x0821, 0x0821, 0x0821, 0x0821, 0x0821, 0x0821, 0x0821, 0x0821, 0x0821,
  0x0821, 0x0821, 0x0821, 0x0821, 0x0821, 0x0821, 0x0821, 0x0821, 0x0821, 0x0821, 0x0821, 0x0821, 0x0821, 0x0821, 0x0821, 0x0821,
  0x0821, 0x0821, 0x0821, 0x0821, 0x0821, 0x0821, 0x0821, 0x0821, 0x0821, 0x0821, 0x0821, 0x0821, 0x0821, 0x0821, 0x0821, 0x0821,
  0x0821, 0x0821, 0x0821, 0x0821, 0x0821, 0x0821, 0x0821, 0x0821, 0x0821, 0x0821, 0x0821, 0x0821, 0x0821, 0x0821, 0x0821, 0x0821,
  0x0821, 0x0821, 0x0821, 0x0821, 0x0821, 0x0821, 0x0821, 0x0821, 0x0821, 0x0821, 0x0821, 0x4164, 0x0821, 0x0821, 0x0821, 0x0821,
  0x0821, 0x0821, 0x0821, 0x0821, 0x0821, 0x0821, 0x4164, 0x4164, 0x4164, 0x4164, 0x4164, 0x6A46, 0x10A2, 0x0821, 0x0821, 0x0821,
  0x0821, 0x0821, 0x0821, 0x0821, 0x4164, 0x4164, 0x6A46, 0x6A46, 0x6A46, 0x6A46, 0x6A46, 0x10A2, 0x10A2, 0x0821, 0x0821, 0x0821,
  0x0821, 0x0821, 0x0821, 0x4164, 0x6A46, 0x6A46, 0x6A46, 0x6A46, 0x6A46, 0x6A46, 0x6A46, 0x6A46, 0x6A46, 0x10A2, 0x0821, 0x0821,
  0x0821, 0x0821, 0x0821, 0x4164, 0x6A46, 0x6A46, 0x6A46, 0x6A46, 0x6A46, 0x6A46, 0x4164, 0x4164, 0x4164, 0x10A2, 0x0821, 0x0821,
  0x0821, 0x0821, 0x4164, 0x6A46, 0x6A46, 0x6A46, 0x6A46, 0x6A46, 0x4164, 0x4164, 0xBD30, 0xBD30, 0xBD30, 0x4164, 0x10A2, 0x0821,
  0x0821, 0x0821, 0x4164, 0x6A46, 0x6A46, 0x6A46, 0x6A46, 0x4164, 0xBD30, 0xBD30, 0xEEB6, 0xEEB6, 0xEEB6, 0xBD30, 0x10A2, 0x0821,
  0x0821, 0x0821, 0x4164, 0x6A46, 0x6A46, 0x6A46, 0x4164, 0x4164, 0xEEB6, 0xEEB6, 0xEEB6, 0xEEB6, 0xEEB6, 0xEEB6, 0x10A2, 0x0821,
  0x0821, 0x0821, 0x10A2, 0x4164, 0x6A46, 0x6A46, 0x4164, 0xBD30, 0xEEB6, 0xEEB6, 0x10A2, 0xEEB6, 0xEEB6, 0xEEB6, 0x10A2, 0x0821,
  0x0821, 0x0821, 0x0821, 0x10A2, 0x4164, 0x4164, 0x4164, 0xBD30, 0xEEB6, 0xEEB6, 0x10A2, 0xEEB6, 0xEEB6, 0x10A2, 0x0821, 0x0821,
  0x0821, 0x0821, 0x0821, 0x10A2, 0xBD30, 0x4164, 0x4164, 0xBD30, 0xEEB6, 0xEEB6, 0xEEB6, 0xEEB6, 0xEEB6, 0x10A2, 0x0821, 0x0821,
  0x0821, 0x0821, 0x0821, 0x0821, 0x10A2, 0xBD30, 0xBD30, 0xBD30, 0xBD30, 0xEEB6, 0xEEB6, 0xEEB6, 0x10A2, 0x0821, 0x0821, 0x0821,
  0x0821, 0x0821, 0x0821, 0x0821, 0x0821, 0x10A2, 0x10A2, 0xC1E7, 0x8965, 0xBD30, 0xBD30, 0x10A2, 0x0821, 0x0821, 0x0821, 0x0821,
  0x0821, 0x0821, 0x0821, 0x0821, 0x0821, 0x10A2, 0x10A2, 0x10A2, 0xC1E7, 0xC1E7, 0xC1E7, 0x10A2, 0x0821, 0x0821, 0x0821, 0x0821,
  0x0821, 0x0821, 0x0821, 0x0821, 0x0821, 0x10A2, 0xBD30, 0xEEB6, 0x10A2, 0xC1E7, 0xC1E7, 0x10A2, 0x0821, 0x0821, 0x0821, 0x0821,
  0x0821, 0x0821, 0x0821, 0x0821, 0x0821, 0x10A2, 0xEEB6, 0xEEB6, 0x10A2, 0x4164, 0xFFDF, 0x10A2, 0x0821, 0x0821, 0x0821, 0x0821,
  0x0821, 0x0821, 0x0821, 0x0821, 0x0821, 0x10A2, 0x10A2, 0x10A2, 0x8965, 0x8965, 0x8965, 0x10A2, 0x0821, 0x0821, 0x0821, 0x0821,
  0x0821, 0x0821, 0x0821, 0x0821, 0x0821, 0x0821, 0x10A2, 0x6333, 0x6333, 0x5437, 0x10A2, 0x2946, 0x0821, 0x0821, 0x0821, 0x0821,
  0x0821, 0x0821, 0x0821, 0x0821, 0x2946, 0x2946, 0x10A2, 0x6A46, 0x6A46, 0x6A46, 0x10A2, 0x2946, 0x2946, 0x2946, 0x0821, 0x0821,
  0x0821, 0x0821, 0x0821, 0x2946, 0x2946, 0x2946, 0x2946, 0x10A2, 0x10A2, 0x10A2, 0x2946, 0x2946, 0x2946, 0x2946, 0x2946, 0x0821,
  0x0821, 0x0821, 0x0821, 0x0821, 0x2946, 0x2946, 0x2946, 0x2946, 0x2946, 0x2946, 0x2946, 0x2946, 0x2946, 0x2946, 0x0821, 0x0821,
  0x0821, 0x0821, 0x0821, 0x0821, 0x0821, 0x0821, 0x2946, 0x2946, 0x2946, 0x2946, 0x2946, 0x2946, 0x0821, 0x0821, 0x0821, 0x0821,
  0x0821, 0x0821, 0x0821, 0x0821, 0x0821, 0x0821, 0x0821, 0x0821, 0x0821, 0x0821, 0x0821, 0x0821, 0x0821, 0x0821, 0x0821, 0x0821,
  0x0821, 0x0821, 0x0821, 0x0821, 0x0821, 0x0821, 0x0821, 0x0821, 0x0821, 0x0821, 0x0821, 0x0821, 0x0821, 0x0821, 0x0821, 0x0821,
  0x0821, 0x0821, 0x0821, 0x0821, 0x0821, 0x0821, 0x0821, 0x0821, 0x0821, 0x0821, 0x0821, 0x0821, 0x0821, 0x0821, 0x0821, 0x0821,
  0x0821, 0x0821, 0x0821, 0x0821, 0x0821, 0x0821, 0x0821, 0x0821, 0x0821, 0x0821, 0x0821, 0x0821, 0x0821, 0x0821, 0x0821, 0x0821
};

static const uint16_t char_side_2[512] PROGMEM = {
  0x0821, 0x0821, 0x0821, 0x0821, 0x0821, 0x0821, 0x0821, 0x0821, 0x0821, 0x0821, 0x0821, 0x0821, 0x0821, 0x0821, 0x0821, 0x0821,
  0x0821, 0x0821, 0x0821, 0x0821, 0x0821, 0x0821, 0x0821, 0x0821, 0x0821, 0x0821, 0x0821, 0x0821, 0x0821, 0x0821, 0x0821, 0x0821,
  0x0821, 0x0821, 0x0821, 0x0821, 0x0821, 0x0821, 0x0821, 0x0821, 0x0821, 0x0821, 0x0821, 0x0821, 0x0821, 0x0821, 0x0821, 0x0821,
  0x0821, 0x0821, 0x0821, 0x0821, 0x0821, 0x0821, 0x0821, 0x0821, 0x0821, 0x0821, 0x0821, 0x0821, 0x0821, 0x0821, 0x0821, 0x0821,
  0x0821, 0x0821, 0x0821, 0x0821, 0x0821, 0x0821, 0x0821, 0x0821, 0x0821, 0x0821, 0x0821, 0x0821, 0x0821, 0x0821, 0x0821, 0x0821,
  0x0821, 0x0821, 0x0821, 0x0821, 0x0821, 0x0821, 0x0821, 0x0821, 0x0821, 0x0821, 0x0821, 0x0821, 0x0821, 0x0821, 0x0821, 0x0821,
  0x0821, 0x0821, 0x0821, 0x0821, 0x0821, 0x0821, 0x0821, 0x0821, 0x0821, 0x0821, 0x0821, 0x0821, 0x0821, 0x0821, 0x0821, 0x0821,
  0x0821, 0x0821, 0x0821, 0x0821, 0x0821, 0x0821, 0x0821, 0x0821, 0x0821, 0x0821, 0x0821, 0x4164, 0x0821, 0x0821, 0x0821, 0x0821,
  0x0821, 0x0821, 0x0821, 0x0821, 0x0821, 0x0821, 0x4164, 0x4164, 0x4164, 0x4164, 0x4164, 0x6A46, 0x10A2, 0x0821, 0x0821, 0x0821,
  0x0821, 0x0821, 0x0821, 0x0821, 0x4164, 0x4164, 0x6A46, 0x6A46, 0x6A46, 0x6A46, 0x6A46, 0x10A2, 0x10A2, 0x0821, 0x0821, 0x0821,
  0x0821, 0x0821, 0x0821, 0x4164, 0x6A46, 0x6A46, 0x6A46, 0x6A46, 0x6A46, 0x6A46, 0x6A46, 0x6A46, 0x6A46, 0x10A2, 0x0821, 0x0821,
  0x0821, 0x0821, 0x0821, 0x4164, 0x6A46, 0x6A46, 0x6A46, 0x6A46, 0x6A46, 0x6A46, 0x4164, 0x4164, 0x4164, 0x10A2, 0x0821, 0x0821,
  0x0821, 0x0821, 0x4164, 0x6A46, 0x6A46, 0x6A46, 0x6A46, 0x6A46, 0x4164, 0x4164, 0xBD30, 0xBD30, 0xBD30, 0x4164, 0x10A2, 0x0821,
  0x0821, 0x0821, 0x4164, 0x6A46, 0x6A46, 0x6A46, 0x6A46, 0x4164, 0xBD30, 0xBD30, 0xEEB6, 0xEEB6, 0xEEB6, 0xBD30, 0x10A2, 0x0821,
  0x0821, 0x0821, 0x4164, 0x6A46, 0x6A46, 0x6A46, 0x4164, 0x4164, 0xEEB6, 0xEEB6, 0xEEB6, 0xEEB6, 0xEEB6, 0xEEB6, 0x10A2, 0x0821,
  0x0821, 0x0821, 0x10A2, 0x4164, 0x6A46, 0x6A46, 0x4164, 0xBD30, 0xEEB6, 0xEEB6, 0x10A2, 0xEEB6, 0xEEB6, 0xEEB6, 0x10A2, 0x0821,
  0x0821, 0x0821, 0x0821, 0x10A2, 0x4164, 0x4164, 0x4164, 0xBD30, 0xEEB6, 0xEEB6, 0x10A2, 0xEEB6, 0xEEB6, 0x10A2, 0x0821, 0x0821,
  0x0821, 0x0821, 0x0821, 0x10A2, 0xBD30, 0x4164, 0x4164, 0xBD30, 0xEEB6, 0xEEB6, 0xEEB6, 0xEEB6, 0xEEB6, 0x10A2, 0x0821, 0x0821,
  0x0821, 0x0821, 0x0821, 0x0821, 0x10A2, 0xBD30, 0xBD30, 0xBD30, 0xBD30, 0xEEB6, 0xEEB6, 0xEEB6, 0x10A2, 0x0821, 0x0821, 0x0821,
  0x0821, 0x0821, 0x0821, 0x0821, 0x0821, 0x10A2, 0x10A2, 0x8965, 0xC1E7, 0xBD30, 0x10A2, 0x10A2, 0x0821, 0x0821, 0x0821, 0x0821,
  0x0821, 0x0821, 0x0821, 0x0821, 0x0821, 0x10A2, 0x10A2, 0xC1E7, 0xC1E7, 0xC1E7, 0xC1E7, 0x10A2, 0x10A2, 0x0821, 0x0821, 0x0821,
  0x0821, 0x0821, 0x0821, 0x0821, 0x10A2, 0xBD30, 0xEEB6, 0x10A2, 0xC1E7, 0xC1E7, 0xC1E7, 0x10A2, 0x10A2, 0x0821, 0x0821, 0x0821,
  0x0821, 0x0821, 0x0821, 0x0821, 0x10A2, 0xEEB6, 0xEEB6, 0x10A2, 0x4164, 0x4164, 0xFFDF, 0x10A2, 0x0821, 0x0821, 0x0821, 0x0821,
  0x0821, 0x0821, 0x0821, 0x0821, 0x0821, 0x10A2, 0x10A2, 0x8965, 0x8965, 0x8965, 0x8965, 0x5437, 0x10A2, 0x0821, 0x0821, 0x0821,
  0x0821, 0x0821, 0x0821, 0x0821, 0x10A2, 0x4164, 0x6333, 0x6333, 0x10A2, 0x6333, 0x6333, 0x6A46, 0x6A46, 0x10A2, 0x0821, 0x0821,
  0x0821, 0x0821, 0x0821, 0x2946, 0x10A2, 0x4164, 0x4164, 0x10A2, 0x10A2, 0x10A2, 0x4164, 0x6A46, 0x6A46, 0x10A2, 0x2946, 0x0821,
  0x0821, 0x0821, 0x0821, 0x0821, 0x2946, 0x10A2, 0x10A2, 0x2946, 0x2946, 0x2946, 0x10A2, 0x10A2, 0x10A2, 0x2946, 0x0821, 0x0821,
  0x0821, 0x0821, 0x0821, 0x0821, 0x0821, 0x0821, 0x2946, 0x2946, 0x2946, 0x2946, 0x2946, 0x2946, 0x0821, 0x0821, 0x0821, 0x0821,
  0x0821, 0x0821, 0x0821, 0x0821, 0x0821, 0x0821, 0x0821, 0x0821, 0x0821, 0x0821, 0x0821, 0x0821, 0x0821, 0x0821, 0x0821, 0x0821,
  0x0821, 0x0821, 0x0821, 0x0821, 0x0821, 0x0821, 0x0821, 0x0821, 0x0821, 0x0821, 0x0821, 0x0821, 0x0821, 0x0821, 0x0821, 0x0821,
  0x0821, 0x0821, 0x0821, 0x0821, 0x0821, 0x0821, 0x0821, 0x0821, 0x0821, 0x0821, 0x0821, 0x0821, 0x0821, 0x0821, 0x0821, 0x0821,
  0x0821, 0x0821, 0x0821, 0x0821, 0x0821, 0x0821, 0x0821, 0x0821, 0x0821, 0x0821, 0x0821, 0x0821, 0x0821, 0x0821, 0x0821, 0x0821
};

static const uint16_t char_side_3[512] PROGMEM = {
  0x0821, 0x0821, 0x0821, 0x0821, 0x0821, 0x0821, 0x0821, 0x0821, 0x0821, 0x0821, 0x0821, 0x0821, 0x0821, 0x0821, 0x0821, 0x0821,
  0x0821, 0x0821, 0x0821, 0x0821, 0x0821, 0x0821, 0x0821, 0x0821, 0x0821, 0x0821, 0x0821, 0x0821, 0x0821, 0x0821, 0x0821, 0x0821,
  0x0821, 0x0821, 0x0821, 0x0821, 0x0821, 0x0821, 0x0821, 0x0821, 0x0821, 0x0821, 0x0821, 0x0821, 0x0821, 0x0821, 0x0821, 0x0821,
  0x0821, 0x0821, 0x0821, 0x0821, 0x0821, 0x0821, 0x0821, 0x0821, 0x0821, 0x0821, 0x0821, 0x0821, 0x0821, 0x0821, 0x0821, 0x0821,
  0x0821, 0x0821, 0x0821, 0x0821, 0x0821, 0x0821, 0x0821, 0x0821, 0x0821, 0x0821, 0x0821, 0x0821, 0x0821, 0x0821, 0x0821, 0x0821,
  0x0821, 0x0821, 0x0821, 0x0821, 0x0821, 0x0821, 0x0821, 0x0821, 0x0821, 0x0821, 0x0821, 0x0821, 0x0821, 0x0821, 0x0821, 0x0821,
  0x0821, 0x0821, 0x0821, 0x0821, 0x0821, 0x0821, 0x0821, 0x0821, 0x0821, 0x0821, 0x0821, 0x4164, 0x0821, 0x0821, 0x0821, 0x0821,
  0x0821, 0x0821, 0x0821, 0x0821, 0x0821, 0x0821, 0x4164, 0x4164, 0x4164, 0x4164, 0x4164, 0x6A46, 0x10A2, 0x0821, 0x0821, 0x0821,
  0x0821, 0x0821, 0x0821, 0x0821, 0x4164, 0x4164, 0x6A46, 0x6A46, 0x6A46, 0x6A46, 0x6A46, 0x10A2, 0x10A2, 0x0821, 0x0821, 0x0821,
  0x0821, 0x0821, 0x0821, 0x4164, 0x6A46, 0x6A46, 0x6A46, 0x6A46, 0x6A46, 0x6A46, 0x6A46, 0x6A46, 0x6A46, 0x10A2, 0x0821, 0x0821,
  0x0821, 0x0821, 0x0821, 0x4164, 0x6A46, 0x6A46, 0x6A46, 0x6A46, 0x6A46, 0x6A46, 0x4164, 0x4164, 0x4164, 0x10A2, 0x0821, 0x0821,
  0x0821, 0x0821, 0x4164, 0x6A46, 0x6A46, 0x6A46, 0x6A46, 0x6A46, 0x4164, 0x4164, 0xBD30, 0xBD30, 0xBD30, 0x4164, 0x10A2, 0x0821,
  0x0821, 0x0821, 0x4164, 0x6A46, 0x6A46, 0x6A46, 0x6A46, 0x4164, 0xBD30, 0xBD30, 0xEEB6, 0xEEB6, 0xEEB6, 0xBD30, 0x10A2, 0x0821,
  0x0821, 0x0821, 0x4164, 0x6A46, 0x6A46, 0x6A46, 0x4164, 0x4164, 0xEEB6, 0xEEB6, 0xEEB6, 0xEEB6, 0xEEB6, 0xEEB6, 0x10A2, 0x0821,
  0x0821, 0x0821, 0x10A2, 0x4164, 0x6A46, 0x6A46, 0x4164, 0xBD30, 0xEEB6, 0xEEB6, 0x10A2, 0xEEB6, 0xEEB6, 0xEEB6, 0x10A2, 0x0821,
  0x0821, 0x0821, 0x0821, 0x10A2, 0x4164, 0x4164, 0x4164, 0xBD30, 0xEEB6, 0xEEB6, 0x10A2, 0xEEB6, 0xEEB6, 0x10A2, 0x0821, 0x0821,
  0x0821, 0x0821, 0x0821, 0x10A2, 0xBD30, 0x4164, 0x4164, 0xBD30, 0xEEB6, 0xEEB6, 0xEEB6, 0xEEB6, 0xEEB6, 0x10A2, 0x0821, 0x0821,
  0x0821, 0x0821, 0x0821, 0x0821, 0x10A2, 0xBD30, 0xBD30, 0xBD30, 0xBD30, 0xEEB6, 0xEEB6, 0xEEB6, 0x10A2, 0x0821, 0x0821, 0x0821,
  0x0821, 0x0821, 0x0821, 0x0821, 0x0821, 0x10A2, 0x10A2, 0xC1E7, 0x8965, 0xBD30, 0xBD30, 0x10A2, 0x0821, 0x0821, 0x0821, 0x0821,
  0x0821, 0x0821, 0x0821, 0x0821, 0x0821, 0x10A2, 0x10A2, 0x10A2, 0xC1E7, 0xC1E7, 0xC1E7, 0x10A2, 0x0821, 0x0821, 0x0821, 0x0821,
  0x0821, 0x0821, 0x0821, 0x0821, 0x0821, 0x10A2, 0xBD30, 0xEEB6, 0x10A2, 0xC1E7, 0xC1E7, 0x10A2, 0x0821, 0x0821, 0x0821, 0x0821,
  0x0821, 0x0821, 0x0821, 0x0821, 0x0821, 0x10A2, 0xEEB6, 0xEEB6, 0x10A2, 0x4164, 0xFFDF, 0x10A2, 0x0821, 0x0821, 0x0821, 0x0821,
  0x0821, 0x0821, 0x0821, 0x0821, 0x0821, 0x10A2, 0x10A2, 0x10A2, 0x8965, 0x8965, 0x8965, 0x10A2, 0x0821, 0x0821, 0x0821, 0x0821,
  0x0821, 0x0821, 0x0821, 0x0821, 0x0821, 0x0821, 0x10A2, 0x6333, 0x6333, 0x5437, 0x10A2, 0x2946, 0x0821, 0x0821, 0x0821, 0x0821,
  0x0821, 0x0821, 0x0821, 0x0821, 0x2946, 0x2946, 0x10A2, 0x6A46, 0x6A46, 0x6A46, 0x10A2, 0x2946, 0x2946, 0x2946, 0x0821, 0x0821,
  0x0821, 0x0821, 0x0821, 0x2946, 0x2946, 0x2946, 0x2946, 0x10A2, 0x10A2, 0x10A2, 0x2946, 0x2946, 0x2946, 0x2946, 0x2946, 0x0821,
  0x0821, 0x0821, 0x0821, 0x0821, 0x2946, 0x2946, 0x2946, 0x2946, 0x2946, 0x2946, 0x2946, 0x2946, 0x2946, 0x2946, 0x0821, 0x0821,
  0x0821, 0x0821, 0x0821, 0x0821, 0x0821, 0x0821, 0x2946, 0x2946, 0x2946, 0x2946, 0x2946, 0x2946, 0x0821, 0x0821, 0x0821, 0x0821,
  0x0821, 0x0821, 0x0821, 0x0821, 0x0821, 0x0821, 0x0821, 0x0821, 0x0821, 0x0821, 0x0821, 0x0821, 0x0821, 0x0821, 0x0821, 0x0821,
  0x0821, 0x0821, 0x0821, 0x0821, 0x0821, 0x0821, 0x0821, 0x0821, 0x0821, 0x0821, 0x0821, 0x0821, 0x0821, 0x0821, 0x0821, 0x0821,
  0x0821, 0x0821, 0x0821, 0x0821, 0x0821, 0x0821, 0x0821, 0x0821, 0x0821, 0x0821, 0x0821, 0x0821, 0x0821, 0x0821, 0x0821, 0x0821,
  0x0821, 0x0821, 0x0821, 0x0821, 0x0821, 0x0821, 0x0821, 0x0821, 0x0821, 0x0821, 0x0821, 0x0821, 0x0821, 0x0821, 0x0821, 0x0821
};

static const uint16_t char_side_4[512] PROGMEM = {
  0x0821, 0x0821, 0x0821, 0x0821, 0x0821, 0x0821, 0x0821, 0x0821, 0x0821, 0x0821, 0x0821, 0x0821, 0x0821, 0x0821, 0x0821, 0x0821,
  0x0821, 0x0821, 0x0821, 0x0821, 0x0821, 0x0821, 0x0821, 0x0821, 0x0821, 0x0821, 0x0821, 0x0821, 0x0821, 0x0821, 0x0821, 0x0821,
  0x0821, 0x0821, 0x0821, 0x0821, 0x0821, 0x0821, 0x0821, 0x0821, 0x0821, 0x0821, 0x0821, 0x0821, 0x0821, 0x0821, 0x0821, 0x0821,
  0x0821, 0x0821, 0x0821, 0x0821, 0x0821, 0x0821, 0x0821, 0x0821, 0x0821, 0x0821, 0x0821, 0x0821, 0x0821, 0x0821, 0x0821, 0x0821,
  0x0821, 0x0821, 0x0821, 0x0821, 0x0821, 0x0821, 0x0821, 0x0821, 0x0821, 0x0821, 0x0821, 0x0821, 0x0821, 0x0821, 0x0821, 0x0821,
  0x0821, 0x0821, 0x0821, 0x0821, 0x0821, 0x0821, 0x0821, 0x0821, 0x0821, 0x0821, 0x0821, 0x0821, 0x0821, 0x0821, 0x0821, 0x0821,
  0x0821, 0x0821, 0x0821, 0x0821, 0x0821, 0x0821, 0x0821, 0x0821, 0x0821, 0x0821, 0x0821, 0x0821, 0x0821, 0x0821, 0x0821, 0x0821,
  0x0821, 0x0821, 0x0821, 0x0821, 0x0821, 0x0821, 0x0821, 0x0821, 0x0821, 0x0821, 0x0821, 0x4164, 0x0821, 0x0821, 0x0821, 0x0821,
  0x0821, 0x0821, 0x0821, 0x0821, 0x0821, 0x0821, 0x4164, 0x4164, 0x4164, 0x4164, 0x4164, 0x6A46, 0x10A2, 0x0821, 0x0821, 0x0821,
  0x0821, 0x0821, 0x0821, 0x0821, 0x4164, 0x4164, 0x6A46, 0x6A46, 0x6A46, 0x6A46, 0x6A46, 0x10A2, 0x10A2, 0x0821, 0x0821, 0x0821,
  0x0821, 0x0821, 0x0821, 0x4164, 0x6A46, 0x6A46, 0x6A46, 0x6A46, 0x6A46, 0x6A46, 0x6A46, 0x6A46, 0x6A46, 0x10A2, 0x0821, 0x0821,
  0x0821, 0x0821, 0x0821, 0x4164, 0x6A46, 0x6A46, 0x6A46, 0x6A46, 0x6A46, 0x6A46, 0x4164, 0x4164, 0x4164, 0x10A2, 0x0821, 0x0821,
  0x0821, 0x0821, 0x4164, 0x6A46, 0x6A46, 0x6A46, 0x6A46, 0x6A46, 0x4164, 0x4164, 0xBD30, 0xBD30, 0xBD30, 0x4164, 0x10A2, 0x0821,
  0x0821, 0x0821, 0x4164, 0x6A46, 0x6A46, 0x6A46, 0x6A46, 0x4164, 0xBD30, 0xBD30, 0xEEB6, 0xEEB6, 0xEEB6, 0xBD30, 0x10A2, 0x0821,
  0x0821, 0x0821, 0x4164, 0x6A46, 0x6A46, 0x6A46, 0x4164, 0x4164, 0xEEB6, 0xEEB6, 0xEEB6, 0xEEB6, 0xEEB6, 0xEEB6, 0x10A2, 0x0821,
  0x0821, 0x0821, 0x10A2, 0x4164, 0x6A46, 0x6A46, 0x4164, 0xBD30, 0xEEB6, 0xEEB6, 0x10A2, 0xEEB6, 0xEEB6, 0xEEB6, 0x10A2, 0x0821,
  0x0821, 0x0821, 0x0821, 0x10A2, 0x4164, 0x4164, 0x4164, 0xBD30, 0xEEB6, 0xEEB6, 0x10A2, 0xEEB6, 0xEEB6, 0x10A2, 0x0821, 0x0821,
  0x0821, 0x0821, 0x0821, 0x10A2, 0xBD30, 0x4164, 0x4164, 0xBD30, 0xEEB6, 0xEEB6, 0xEEB6, 0xEEB6, 0xEEB6, 0x10A2, 0x0821, 0x0821,
  0x0821, 0x0821, 0x0821, 0x0821, 0x10A2, 0xBD30, 0xBD30, 0xBD30, 0xBD30, 0xEEB6, 0xEEB6, 0xEEB6, 0x10A2, 0x0821, 0x0821, 0x0821,
  0x0821, 0x0821, 0x0821, 0x0821, 0x0821, 0x10A2, 0x10A2, 0x8965, 0xC1E7, 0xBD30, 0x10A2, 0x10A2, 0x0821, 0x0821, 0x0821, 0x0821,
  0x0821, 0x0821, 0x0821, 0x0821, 0x0821, 0x10A2, 0x8965, 0xC1E7, 0xC1E7, 0x10A2, 0xBD30, 0xEEB6, 0x10A2, 0x0821, 0x0821, 0x0821,
  0x0821, 0x0821, 0x0821, 0x0821, 0x10A2, 0x10A2, 0xC1E7, 0xC1E7, 0xC1E7, 0x10A2, 0xEEB6, 0xEEB6, 0x10A2, 0x0821, 0x0821, 0x0821,
  0x0821, 0x0821, 0x0821, 0x0821, 0x10A2, 0x10A2, 0x4164, 0x4164, 0x4164, 0x4164, 0x10A2, 0x10A2, 0x0821, 0x0821, 0x0821, 0x0821,
  0x0821, 0x0821, 0x0821, 0x0821, 0x0821, 0x10A2, 0x8965, 0x8965, 0x8965, 0x8965, 0x10A2, 0x10A2, 0x0821, 0x0821, 0x0821, 0x0821,
  0x0821, 0x0821, 0x0821, 0x0821, 0x10A2, 0x4164, 0x6333, 0x6333, 0x10A2, 0x10A2, 0x4164, 0x4164, 0x10A2, 0x2946, 0x0821, 0x0821,
  0x0821, 0x0821, 0x0821, 0x2946, 0x10A2, 0x4164, 0x4164, 0x10A2, 0x10A2, 0x10A2, 0x4164, 0x4164, 0x10A2, 0x2946, 0x2946, 0x0821,
  0x0821, 0x0821, 0x0821, 0x0821, 0x2946, 0x10A2, 0x10A2, 0x2946, 0x2946, 0x2946, 0x10A2, 0x10A2, 0x2946, 0x2946, 0x0821, 0x0821,
  0x0821, 0x0821, 0x0821, 0x0821, 0x0821, 0x0821, 0x2946, 0x2946, 0x2946, 0x2946, 0x2946, 0x2946, 0x0821, 0x0821, 0x0821, 0x0821,
  0x0821, 0x0821, 0x0821, 0x0821, 0x0821, 0x0821, 0x0821, 0x0821, 0x0821, 0x0821, 0x0821, 0x0821, 0x0821, 0x0821, 0x0821, 0x0821,
  0x0821, 0x0821, 0x0821, 0x0821, 0x0821, 0x0821, 0x0821, 0x0821, 0x0821, 0x0821, 0x0821, 0x0821, 0x0821, 0x0821, 0x0821, 0x0821,
  0x0821, 0x0821, 0x0821, 0x0821, 0x0821, 0x0821, 0x0821, 0x0821, 0x0821, 0x0821, 0x0821, 0x0821, 0x0821, 0x0821, 0x0821, 0x0821,
  0x0821, 0x0821, 0x0821, 0x0821, 0x0821, 0x0821, 0x0821, 0x0821, 0x0821, 0x0821, 0x0821, 0x0821, 0x0821, 0x0821, 0x0821, 0x0821
};

static const uint16_t char_up_1[512] PROGMEM = {
  0x0821, 0x0821, 0x0821, 0x0821, 0x0821, 0x0821, 0x0821, 0x0821, 0x0821, 0x0821, 0x0821, 0x0821, 0x0821, 0x0821, 0x0821, 0x0821,
  0x0821, 0x0821, 0x0821, 0x0821, 0x0821, 0x0821, 0x0821, 0x0821, 0x0821, 0x0821, 0x0821, 0x0821, 0x0821, 0x0821, 0x0821, 0x0821,
  0x0821, 0x0821, 0x0821, 0x0821, 0x0821, 0x0821, 0x0821, 0x0821, 0x0821, 0x0821, 0x0821, 0x0821, 0x0821, 0x0821, 0x0821, 0x0821,
  0x0821, 0x0821, 0x0821, 0x0821, 0x0821, 0x0821, 0x0821, 0x0821, 0x0821, 0x0821, 0x0821, 0x0821, 0x0821, 0x0821, 0x0821, 0x0821,
  0x0821, 0x0821, 0x0821, 0x0821, 0x0821, 0x0821, 0x0821, 0x0821, 0x0821, 0x0821, 0x0821, 0x0821, 0x0821, 0x0821, 0x0821, 0x0821,
  0x0821, 0x0821, 0x0821, 0x0821, 0x0821, 0x4164, 0x4164, 0x0821, 0x0821, 0x0821, 0x0821, 0x0821, 0x0821, 0x0821, 0x0821, 0x0821,
  0x0821, 0x0821, 0x4164, 0x4164, 0x4164, 0x6A46, 0x6A46, 0x10A2, 0x10A2, 0x4164, 0x4164, 0x0821, 0x0821, 0x0821, 0x0821, 0x0821,
  0x0821, 0x4164, 0x6A46, 0x6A46, 0x4164, 0x10A2, 0x10A2, 0x6A46, 0x6A46, 0x6A46, 0x6A46, 0x4164, 0x4164, 0x0821, 0x0821, 0x0821,
  0x0821, 0x0821, 0x10A2, 0x4164, 0x6A46, 0x6A46, 0x6A46, 0x6A46, 0x6A46, 0x6A46, 0x6A46, 0x6A46, 0x6A46, 0x4164, 0x0821, 0x0821,
  0x0821, 0x4164, 0x6A46, 0x6A46, 0x6A46, 0x6A46, 0x6A46, 0x6A46, 0x6A46, 0x6A46, 0x6A46, 0x6A46, 0x6A46, 0x4164, 0x0821, 0x0821,
  0x4164, 0x6A46, 0x6A46, 0x6A46, 0x6A46, 0x6A46, 0x6A46, 0x6A46, 0x6A46, 0x6A46, 0x6A46, 0x6A46, 0x6A46, 0x4164, 0x10A2, 0x0821,
  0x4164, 0x4164, 0x6A46, 0x6A46, 0x6A46, 0x6A46, 0x6A46, 0x6A46, 0x6A46, 0x6A46, 0x6A46, 0x6A46, 0x4164, 0x4164, 0x10A2, 0x0821,
  0x0821, 0x10A2, 0x4164, 0x6A46, 0x6A46, 0x6A46, 0x6A46, 0x6A46, 0x6A46, 0x6A46, 0x6A46, 0x6A46, 0x4164, 0x4164, 0x10A2, 0x0821,
  0x0821, 0x10A2, 0x4164, 0x4164, 0x4164, 0x6A46, 0x6A46, 0x6A46, 0x6A46, 0x6A46, 0x4164, 0x4164, 0x4164, 0x4164, 0x10A2, 0x0821,
  0x0821, 0x0821, 0x10A2, 0x4164, 0x4164, 0x4164, 0x4164, 0x4164, 0x4164, 0x4164, 0x4164, 0x4164, 0x4164, 0x10A2, 0x0821, 0x0821,
  0x0821, 0x0821, 0x10A2, 0xBD30, 0x4164, 0x4164, 0x4164, 0x4164, 0x4164, 0x4164, 0x4164, 0x4164, 0xBD30, 0x10A2, 0x0821, 0x0821,
  0x0821, 0x0821, 0x0821, 0x10A2, 0xBD30, 0xEEB6, 0x4164, 0x4164, 0x4164, 0x4164, 0xEEB6, 0xBD30, 0x10A2, 0x0821, 0x0821, 0x0821,
  0x0821, 0x0821, 0x68E3, 0xC1E7, 0xC1E7, 0xC1E7, 0xBD30, 0xEEB6, 0xEEB6, 0xBD30, 0xC1E7, 0xC1E7, 0xC1E7, 0x10A2, 0x0821, 0x0821,
  0x0821, 0x0821, 0x68E3, 0xC1E7, 0x8965, 0xC1E7, 0xC1E7, 0xC1E7, 0xC1E7, 0xC1E7, 0xC1E7, 0x8965, 0xC1E7, 0x10A2, 0x0821, 0x0821,
  0x0821, 0x10A2, 0xEEB6, 0xBD30, 0x10A2, 0x8965, 0xC1E7, 0xC1E7, 0xC1E7, 0xC1E7, 0x8965, 0x10A2, 0xBD30, 0xEEB6, 0x10A2, 0x0821,
  0x0821, 0x10A2, 0xBD30, 0xBD30, 0x10A2, 0x4164, 0x4164, 0x4164, 0x4164, 0x4164, 0x4164, 0x10A2, 0xBD30, 0xBD30, 0x10A2, 0x0821,
  0x0821, 0x0821, 0x10A2, 0x10A2, 0x10A2, 0x8965, 0x8965, 0x8965, 0x8965, 0x8965, 0x8965, 0x10A2, 0x10A2, 0x10A2, 0x0821, 0x0821,
  0x0821, 0x0821, 0x0821, 0x0821, 0x10A2, 0x5437, 0x6333, 0x10A2, 0x10A2, 0x6333, 0x5437, 0x10A2, 0x0821, 0x0821, 0x0821, 0x0821,
  0x0821, 0x0821, 0x0821, 0x0821, 0x10A2, 0x6A46, 0x6A46, 0x10A2, 0x10A2, 0x6A46, 0x6A46, 0x10A2, 0x0821, 0x0821, 0x0821, 0x0821,
  0x0821, 0x0821, 0x0821, 0x2946, 0x2946, 0x10A2, 0x10A2, 0x2946, 0x2946, 0x10A2, 0x10A2, 0x2946, 0x2946, 0x0821, 0x0821, 0x0821,
  0x0821, 0x0821, 0x2946, 0x2946, 0x2946, 0x2946, 0x2946, 0x2946, 0x2946, 0x2946, 0x2946, 0x2946, 0x2946, 0x2946, 0x0821, 0x0821,
  0x0821, 0x0821, 0x0821, 0x2946, 0x2946, 0x2946, 0x2946, 0x2946, 0x2946, 0x2946, 0x2946, 0x2946, 0x2946, 0x0821, 0x0821, 0x0821,
  0x0821, 0x0821, 0x0821, 0x0821, 0x0821, 0x2946, 0x2946, 0x2946, 0x2946, 0x2946, 0x2946, 0x0821, 0x0821, 0x0821, 0x0821, 0x0821,
  0x0821, 0x0821, 0x0821, 0x0821, 0x0821, 0x0821, 0x0821, 0x0821, 0x0821, 0x0821, 0x0821, 0x0821, 0x0821, 0x0821, 0x0821, 0x0821,
  0x0821, 0x0821, 0x0821, 0x0821, 0x0821, 0x0821, 0x0821, 0x0821, 0x0821, 0x0821, 0x0821, 0x0821, 0x0821, 0x0821, 0x0821, 0x0821,
  0x0821, 0x0821, 0x0821, 0x0821, 0x0821, 0x0821, 0x0821, 0x0821, 0x0821, 0x0821, 0x0821, 0x0821, 0x0821, 0x0821, 0x0821, 0x0821,
  0x0821, 0x0821, 0x0821, 0x0821, 0x0821, 0x0821, 0x0821, 0x0821, 0x0821, 0x0821, 0x0821, 0x0821, 0x0821, 0x0821, 0x0821, 0x0821
};

static const uint16_t char_up_2[512] PROGMEM = {
  0x0821, 0x0821, 0x0821, 0x0821, 0x0821, 0x0821, 0x0821, 0x0821, 0x0821, 0x0821, 0x0821, 0x0821, 0x0821, 0x0821, 0x0821, 0x0821,
  0x0821, 0x0821, 0x0821, 0x0821, 0x0821, 0x0821, 0x0821, 0x0821, 0x0821, 0x0821, 0x0821, 0x0821, 0x0821, 0x0821, 0x0821, 0x0821,
  0x0821, 0x0821, 0x0821, 0x0821, 0x0821, 0x0821, 0x0821, 0x0821, 0x0821, 0x0821, 0x0821, 0x0821, 0x0821, 0x0821, 0x0821, 0x0821,
  0x0821, 0x0821, 0x0821, 0x0821, 0x0821, 0x0821, 0x0821, 0x0821, 0x0821, 0x0821, 0x0821, 0x0821, 0x0821, 0x0821, 0x0821, 0x0821,
  0x0821, 0x0821, 0x0821, 0x0821, 0x0821, 0x0821, 0x0821, 0x0821, 0x0821, 0x0821, 0x0821, 0x0821, 0x0821, 0x0821, 0x0821, 0x0821,
  0x0821, 0x0821, 0x0821, 0x0821, 0x0821, 0x0821, 0x0821, 0x0821, 0x0821, 0x0821, 0x0821, 0x0821, 0x0821, 0x0821, 0x0821, 0x0821,
  0x0821, 0x0821, 0x0821, 0x0821, 0x0821, 0x4164, 0x4164, 0x0821, 0x0821, 0x0821, 0x0821, 0x0821, 0x0821, 0x0821, 0x0821, 0x0821,
  0x0821, 0x0821, 0x4164, 0x4164, 0x4164, 0x6A46, 0x6A46, 0x10A2, 0x10A2, 0x4164, 0x4164, 0x0821, 0x0821, 0x0821, 0x0821, 0x0821,
  0x0821, 0x4164, 0x6A46, 0x6A46, 0x4164, 0x10A2, 0x10A2, 0x6A46, 0x6A46, 0x6A46, 0x6A46, 0x4164, 0x4164, 0x0821, 0x0821, 0x0821,
  0x0821, 0x0821, 0x10A2, 0x4164, 0x6A46, 0x6A46, 0x6A46, 0x6A46, 0x6A46, 0x6A46, 0x6A46, 0x6A46, 0x6A46, 0x4164, 0x0821, 0x0821,
  0x0821, 0x4164, 0x6A46, 0x6A46, 0x6A46, 0x6A46, 0x6A46, 0x6A46, 0x6A46, 0x6A46, 0x6A46, 0x6A46, 0x6A46, 0x4164, 0x0821, 0x0821,
  0x4164, 0x6A46, 0x6A46, 0x6A46, 0x6A46, 0x6A46, 0x6A46, 0x6A46, 0x6A46, 0x6A46, 0x6A46, 0x6A46, 0x6A46, 0x4164, 0x10A2, 0x0821,
  0x4164, 0x4164, 0x6A46, 0x6A46, 0x6A46, 0x6A46, 0x6A46, 0x6A46, 0x6A46, 0x6A46, 0x6A46, 0x6A46, 0x4164, 0x4164, 0x10A2, 0x0821,
  0x0821, 0x10A2, 0x4164, 0x6A46, 0x6A46, 0x6A46, 0x6A46, 0x6A46, 0x6A46, 0x6A46, 0x6A46, 0x6A46, 0x4164, 0x4164, 0x10A2, 0x0821,
  0x0821, 0x10A2, 0x4164, 0x4164, 0x4164, 0x6A46, 0x6A46, 0x6A46, 0x6A46, 0x6A46, 0x4164, 0x4164, 0x4164, 0x4164, 0x10A2, 0x0821,
  0x0821, 0x0821, 0x10A2, 0x4164, 0x4164, 0x4164, 0x4164, 0x4164, 0x4164, 0x4164, 0x4164, 0x4164, 0x4164, 0x10A2, 0x0821, 0x0821,
  0x0821, 0x0821, 0x10A2, 0xBD30, 0x4164, 0x4164, 0x4164, 0x4164, 0x4164, 0x4164, 0x4164, 0x4164, 0xBD30, 0x10A2, 0x0821, 0x0821,
  0x0821, 0x0821, 0x0821, 0x10A2, 0xBD30, 0xEEB6, 0x4164, 0x4164, 0x4164, 0x4164, 0xEEB6, 0xBD30, 0x10A2, 0x0821, 0x0821, 0x0821,
  0x0821, 0x0821, 0x68E3, 0xC1E7, 0xC1E7, 0xC1E7, 0xBD30, 0xEEB6, 0xEEB6, 0xBD30, 0xC1E7, 0xC1E7, 0xC1E7, 0x10A2, 0x0821, 0x0821,
  0x0821, 0x0821, 0x10A2, 0xBD30, 0x10A2, 0xC1E7, 0xC1E7, 0xC1E7, 0xC1E7, 0xC1E7, 0x8965, 0xC1E7, 0xC1E7, 0x10A2, 0x0821, 0x0821,
  0x0821, 0x0821, 0x0821, 0x10A2, 0x10A2, 0x8965, 0xC1E7, 0xC1E7, 0xC1E7, 0xC1E7, 0x10A2, 0xBD30, 0xEEB6, 0x10A2, 0x0821, 0x0821,
  0x0821, 0x0821, 0x0821, 0x0821, 0x10A2, 0x4164, 0x4164, 0x4164, 0x4164, 0x4164, 0x10A2, 0xBD30, 0xBD30, 0x10A2, 0x0821, 0x0821,
  0x0821, 0x0821, 0x0821, 0x0821, 0x10A2, 0x8965, 0x8965, 0x8965, 0x8965, 0x8965, 0x8965, 0x10A2, 0x10A2, 0x0821, 0x0821, 0x0821,
  0x0821, 0x0821, 0x0821, 0x0821, 0x10A2, 0x5437, 0x6333, 0x10A2, 0x10A2, 0x4164, 0x4164, 0x10A2, 0x0821, 0x0821, 0x0821, 0x0821,
  0x0821, 0x0821, 0x0821, 0x2946, 0x10A2, 0x6A46, 0x6A46, 0x10A2, 0x2946, 0x10A2, 0x10A2, 0x2946, 0x2946, 0x0821, 0x0821, 0x0821,
  0x0821, 0x0821, 0x2946, 0x2946, 0x2946, 0x10A2, 0x10A2, 0x2946, 0x2946, 0x2946, 0x2946, 0x2946, 0x2946, 0x2946, 0x0821, 0x0821,
  0x0821, 0x0821, 0x0821, 0x2946, 0x2946, 0x2946, 0x2946, 0x2946, 0x2946, 0x2946, 0x2946, 0x2946, 0x2946, 0x0821, 0x0821, 0x0821,
  0x0821, 0x0821, 0x0821, 0x0821, 0x0821, 0x2946, 0x2946, 0x2946, 0x2946, 0x2946, 0x2946, 0x0821, 0x0821, 0x0821, 0x0821, 0x0821,
  0x0821, 0x0821, 0x0821, 0x0821, 0x0821, 0x0821, 0x0821, 0x0821, 0x0821, 0x0821, 0x0821, 0x0821, 0x0821, 0x0821, 0x0821, 0x0821,
  0x0821, 0x0821, 0x0821, 0x0821, 0x0821, 0x0821, 0x0821, 0x0821, 0x0821, 0x0821, 0x0821, 0x0821, 0x0821, 0x0821, 0x0821, 0x0821,
  0x0821, 0x0821, 0x0821, 0x0821, 0x0821, 0x0821, 0x0821, 0x0821, 0x0821, 0x0821, 0x0821, 0x0821, 0x0821, 0x0821, 0x0821, 0x0821,
  0x0821, 0x0821, 0x0821, 0x0821, 0x0821, 0x0821, 0x0821, 0x0821, 0x0821, 0x0821, 0x0821, 0x0821, 0x0821, 0x0821, 0x0821, 0x0821
};

static const uint16_t char_up_3[512] PROGMEM = {
  0x0821, 0x0821, 0x0821, 0x0821, 0x0821, 0x0821, 0x0821, 0x0821, 0x0821, 0x0821, 0x0821, 0x0821, 0x0821, 0x0821, 0x0821, 0x0821,
  0x0821, 0x0821, 0x0821, 0x0821, 0x0821, 0x0821, 0x0821, 0x0821, 0x0821, 0x0821, 0x0821, 0x0821, 0x0821, 0x0821, 0x0821, 0x0821,
  0x0821, 0x0821, 0x0821, 0x0821, 0x0821, 0x0821, 0x0821, 0x0821, 0x0821, 0x0821, 0x0821, 0x0821, 0x0821, 0x0821, 0x0821, 0x0821,
  0x0821, 0x0821, 0x0821, 0x0821, 0x0821, 0x0821, 0x0821, 0x0821, 0x0821, 0x0821, 0x0821, 0x0821, 0x0821, 0x0821, 0x0821, 0x0821,
  0x0821, 0x0821, 0x0821, 0x0821, 0x0821, 0x0821, 0x0821, 0x0821, 0x0821, 0x0821, 0x0821, 0x0821, 0x0821, 0x0821, 0x0821, 0x0821,
  0x0821, 0x0821, 0x0821, 0x0821, 0x0821, 0x4164, 0x4164, 0x0821, 0x0821, 0x0821, 0x0821, 0x0821, 0x0821, 0x0821, 0x0821, 0x0821,
  0x0821, 0x0821, 0x4164, 0x4164, 0x4164, 0x6A46, 0x6A46, 0x10A2, 0x10A2, 0x4164, 0x4164, 0x0821, 0x0821, 0x0821, 0x0821, 0x0821,
  0x0821, 0x4164, 0x6A46, 0x6A46, 0x4164, 0x10A2, 0x10A2, 0x6A46, 0x6A46, 0x6A46, 0x6A46, 0x4164, 0x4164, 0x0821, 0x0821, 0x0821,
  0x0821, 0x0821, 0x10A2, 0x4164, 0x6A46, 0x6A46, 0x6A46, 0x6A46, 0x6A46, 0x6A46, 0x6A46, 0x6A46, 0x6A46, 0x4164, 0x0821, 0x0821,
  0x0821, 0x4164, 0x6A46, 0x6A46, 0x6A46, 0x6A46, 0x6A46, 0x6A46, 0x6A46, 0x6A46, 0x6A46, 0x6A46, 0x6A46, 0x4164, 0x0821, 0x0821,
  0x4164, 0x6A46, 0x6A46, 0x6A46, 0x6A46, 0x6A46, 0x6A46, 0x6A46, 0x6A46, 0x6A46, 0x6A46, 0x6A46, 0x6A46, 0x4164, 0x10A2, 0x0821,
  0x4164, 0x4164, 0x6A46, 0x6A46, 0x6A46, 0x6A46, 0x6A46, 0x6A46, 0x6A46, 0x6A46, 0x6A46, 0x6A46, 0x4164, 0x4164, 0x10A2, 0x0821,
  0x0821, 0x10A2, 0x4164, 0x6A46, 0x6A46, 0x6A46, 0x6A46, 0x6A46, 0x6A46, 0x6A46, 0x6A46, 0x6A46, 0x4164, 0x4164, 0x10A2, 0x0821,
  0x0821, 0x10A2, 0x4164, 0x4164, 0x4164, 0x6A46, 0x6A46, 0x6A46, 0x6A46, 0x6A46, 0x4164, 0x4164, 0x4164, 0x4164, 0x10A2, 0x0821,
  0x0821, 0x0821, 0x10A2, 0x4164, 0x4164, 0x4164, 0x4164, 0x4164, 0x4164, 0x4164, 0x4164, 0x4164, 0x4164, 0x10A2, 0x0821, 0x0821,
  0x0821, 0x0821, 0x10A2, 0xBD30, 0x4164, 0x4164, 0x4164, 0x4164, 0x4164, 0x4164, 0x4164, 0x4164, 0xBD30, 0x10A2, 0x0821, 0x0821,
  0x0821, 0x0821, 0x0821, 0x10A2, 0xBD30, 0xEEB6, 0x4164, 0x4164, 0x4164, 0x4164, 0xEEB6, 0xBD30, 0x10A2, 0x0821, 0x0821, 0x0821,
  0x0821, 0x0821, 0x68E3, 0xC1E7, 0xC1E7, 0xC1E7, 0xBD30, 0xEEB6, 0xEEB6, 0xBD30, 0xC1E7, 0xC1E7, 0xC1E7, 0x10A2, 0x0821, 0x0821,
  0x0821, 0x0821, 0x68E3, 0xC1E7, 0x8965, 0xC1E7, 0xC1E7, 0xC1E7, 0xC1E7, 0xC1E7, 0xC1E7, 0x8965, 0xC1E7, 0x10A2, 0x0821, 0x0821,
  0x0821, 0x10A2, 0xEEB6, 0xBD30, 0x10A2, 0x8965, 0xC1E7, 0xC1E7, 0xC1E7, 0xC1E7, 0x8965, 0x10A2, 0xBD30, 0xEEB6, 0x10A2, 0x0821,
  0x0821, 0x10A2, 0xBD30, 0xBD30, 0x10A2, 0x4164, 0x4164, 0x4164, 0x4164, 0x4164, 0x4164, 0x10A2, 0xBD30, 0xBD30, 0x10A2, 0x0821,
  0x0821, 0x0821, 0x10A2, 0x10A2, 0x10A2, 0x8965, 0x8965, 0x8965, 0x8965, 0x8965, 0x8965, 0x10A2, 0x10A2, 0x10A2, 0x0821, 0x0821,
  0x0821, 0x0821, 0x0821, 0x0821, 0x10A2, 0x5437, 0x6333, 0x10A2, 0x10A2, 0x6333, 0x5437, 0x10A2, 0x0821, 0x0821, 0x0821, 0x0821,
  0x0821, 0x0821, 0x0821, 0x0821, 0x10A2, 0x6A46, 0x6A46, 0x10A2, 0x10A2, 0x6A46, 0x6A46, 0x10A2, 0x0821, 0x0821, 0x0821, 0x0821,
  0x0821, 0x0821, 0x0821, 0x2946, 0x2946, 0x10A2, 0x10A2, 0x2946, 0x2946, 0x10A2, 0x10A2, 0x2946, 0x2946, 0x0821, 0x0821, 0x0821,
  0x0821, 0x0821, 0x2946, 0x2946, 0x2946, 0x2946, 0x2946, 0x2946, 0x2946, 0x2946, 0x2946, 0x2946, 0x2946, 0x2946, 0x0821, 0x0821,
  0x0821, 0x0821, 0x0821, 0x2946, 0x2946, 0x2946, 0x2946, 0x2946, 0x2946, 0x2946, 0x2946, 0x2946, 0x2946, 0x0821, 0x0821, 0x0821,
  0x0821, 0x0821, 0x0821, 0x0821, 0x0821, 0x2946, 0x2946, 0x2946, 0x2946, 0x2946, 0x2946, 0x0821, 0x0821, 0x0821, 0x0821, 0x0821,
  0x0821, 0x0821, 0x0821, 0x0821, 0x0821, 0x0821, 0x0821, 0x0821, 0x0821, 0x0821, 0x0821, 0x0821, 0x0821, 0x0821, 0x0821, 0x0821,
  0x0821, 0x0821, 0x0821, 0x0821, 0x0821, 0x0821, 0x0821, 0x0821, 0x0821, 0x0821, 0x0821, 0x0821, 0x0821, 0x0821, 0x0821, 0x0821,
  0x0821, 0x0821, 0x0821, 0x0821, 0x0821, 0x0821, 0x0821, 0x0821, 0x0821, 0x0821, 0x0821, 0x0821, 0x0821, 0x0821, 0x0821, 0x0821,
  0x0821, 0x0821, 0x0821, 0x0821, 0x0821, 0x0821, 0x0821, 0x0821, 0x0821, 0x0821, 0x0821, 0x0821, 0x0821, 0x0821, 0x0821, 0x0821
};

static const uint16_t char_up_4[512] PROGMEM = {
  0x0821, 0x0821, 0x0821, 0x0821, 0x0821, 0x0821, 0x0821, 0x0821, 0x0821, 0x0821, 0x0821, 0x0821, 0x0821, 0x0821, 0x0821, 0x0821,
  0x0821, 0x0821, 0x0821, 0x0821, 0x0821, 0x0821, 0x0821, 0x0821, 0x0821, 0x0821, 0x0821, 0x0821, 0x0821, 0x0821, 0x0821, 0x0821,
  0x0821, 0x0821, 0x0821, 0x0821, 0x0821, 0x0821, 0x0821, 0x0821, 0x0821, 0x0821, 0x0821, 0x0821, 0x0821, 0x0821, 0x0821, 0x0821,
  0x0821, 0x0821, 0x0821, 0x0821, 0x0821, 0x0821, 0x0821, 0x0821, 0x0821, 0x0821, 0x0821, 0x0821, 0x0821, 0x0821, 0x0821, 0x0821,
  0x0821, 0x0821, 0x0821, 0x0821, 0x0821, 0x0821, 0x0821, 0x0821, 0x0821, 0x0821, 0x0821, 0x0821, 0x0821, 0x0821, 0x0821, 0x0821,
  0x0821, 0x0821, 0x0821, 0x0821, 0x0821, 0x0821, 0x0821, 0x0821, 0x0821, 0x0821, 0x0821, 0x0821, 0x0821, 0x0821, 0x0821, 0x0821,
  0x0821, 0x0821, 0x0821, 0x0821, 0x0821, 0x4164, 0x4164, 0x0821, 0x0821, 0x0821, 0x0821, 0x0821, 0x0821, 0x0821, 0x0821, 0x0821,
  0x0821, 0x0821, 0x4164, 0x4164, 0x4164, 0x6A46, 0x6A46, 0x10A2, 0x10A2, 0x4164, 0x4164, 0x0821, 0x0821, 0x0821, 0x0821, 0x0821,
  0x0821, 0x4164, 0x6A46, 0x6A46, 0x4164, 0x10A2, 0x10A2, 0x6A46, 0x6A46, 0x6A46, 0x6A46, 0x4164, 0x4164, 0x0821, 0x0821, 0x0821,
  0x0821, 0x0821, 0x10A2, 0x4164, 0x6A46, 0x6A46, 0x6A46, 0x6A46, 0x6A46, 0x6A46, 0x6A46, 0x6A46, 0x6A46, 0x4164, 0x0821, 0x0821,
  0x0821, 0x4164, 0x6A46, 0x6A46, 0x6A46, 0x6A46, 0x6A46, 0x6A46, 0x6A46, 0x6A46, 0x6A46, 0x6A46, 0x6A46, 0x4164, 0x0821, 0x0821,
  0x4164, 0x6A46, 0x6A46, 0x6A46, 0x6A46, 0x6A46, 0x6A46, 0x6A46, 0x6A46, 0x6A46, 0x6A46, 0x6A46, 0x6A46, 0x4164, 0x10A2, 0x0821,
  0x4164, 0x4164, 0x6A46, 0x6A46, 0x6A46, 0x6A46, 0x6A46, 0x6A46, 0x6A46, 0x6A46, 0x6A46, 0x6A46, 0x4164, 0x4164, 0x10A2, 0x0821,
  0x0821, 0x10A2, 0x4164, 0x6A46, 0x6A46, 0x6A46, 0x6A46, 0x6A46, 0x6A46, 0x6A46, 0x6A46, 0x6A46, 0x4164, 0x4164, 0x10A2, 0x0821,
  0x0821, 0x10A2, 0x4164, 0x4164, 0x4164, 0x6A46, 0x6A46, 0x6A46, 0x6A46, 0x6A46, 0x4164, 0x4164, 0x4164, 0x4164, 0x10A2, 0x0821,
  0x0821, 0x0821, 0x10A2, 0x4164, 0x4164, 0x4164, 0x4164, 0x4164, 0x4164, 0x4164, 0x4164, 0x4164, 0x4164, 0x10A2, 0x0821, 0x0821,
  0x0821, 0x0821, 0x10A2, 0xBD30, 0x4164, 0x4164, 0x4164, 0x4164, 0x4164, 0x4164, 0x4164, 0x4164, 0xBD30, 0x10A2, 0x0821, 0x0821,
  0x0821, 0x0821, 0x0821, 0x10A2, 0xBD30, 0xEEB6, 0x4164, 0x4164, 0x4164, 0x4164, 0xEEB6, 0xBD30, 0x10A2, 0x0821, 0x0821, 0x0821,
  0x0821, 0x0821, 0x68E3, 0xC1E7, 0xC1E7, 0xC1E7, 0xBD30, 0xEEB6, 0xEEB6, 0xBD30, 0xC1E7, 0xC1E7, 0xC1E7, 0x10A2, 0x0821, 0x0821,
  0x0821, 0x0821, 0x68E3, 0xC1E7, 0xC1E7, 0x8965, 0xC1E7, 0xC1E7, 0xC1E7, 0xC1E7, 0xC1E7, 0x10A2, 0xBD30, 0x10A2, 0x0821, 0x0821,
  0x0821, 0x0821, 0x10A2, 0xEEB6, 0xBD30, 0x10A2, 0xC1E7, 0xC1E7, 0xC1E7, 0xC1E7, 0x8965, 0x10A2, 0x10A2, 0x0821, 0x0821, 0x0821,
  0x0821, 0x0821, 0x10A2, 0xBD30, 0xBD30, 0x10A2, 0x4164, 0x4164, 0x4164, 0x4164, 0x4164, 0x10A2, 0x0821, 0x0821, 0x0821, 0x0821,
  0x0821, 0x0821, 0x0821, 0x10A2, 0x10A2, 0x8965, 0x8965, 0x8965, 0x8965, 0x8965, 0x8965, 0x10A2, 0x0821, 0x0821, 0x0821, 0x0821,
  0x0821, 0x0821, 0x0821, 0x0821, 0x10A2, 0x4164, 0x4164, 0x10A2, 0x10A2, 0x6333, 0x5437, 0x10A2, 0x0821, 0x0821, 0x0821, 0x0821,
  0x0821, 0x0821, 0x0821, 0x2946, 0x2946, 0x10A2, 0x10A2, 0x2946, 0x10A2, 0x6A46, 0x6A46, 0x10A2, 0x2946, 0x0821, 0x0821, 0x0821,
  0x0821, 0x0821, 0x2946, 0x2946, 0x2946, 0x2946, 0x2946, 0x2946, 0x2946, 0x10A2, 0x10A2, 0x2946, 0x2946, 0x2946, 0x0821, 0x0821,
  0x0821, 0x0821, 0x0821, 0x2946, 0x2946, 0x2946, 0x2946, 0x2946, 0x2946, 0x2946, 0x2946, 0x2946, 0x2946, 0x0821, 0x0821, 0x0821,
  0x0821, 0x0821, 0x0821, 0x0821, 0x0821, 0x2946, 0x2946, 0x2946, 0x2946, 0x2946, 0x2946, 0x0821, 0x0821, 0x0821, 0x0821, 0x0821,
  0x0821, 0x0821, 0x0821, 0x0821, 0x0821, 0x0821, 0x0821, 0x0821, 0x0821, 0x0821, 0x0821, 0x0821, 0x0821, 0x0821, 0x0821, 0x0821,
  0x0821, 0x0821, 0x0821, 0x0821, 0x0821, 0x0821, 0x0821, 0x0821, 0x0821, 0x0821, 0x0821, 0x0821, 0x0821, 0x0821, 0x0821, 0x0821,
  0x0821, 0x0821, 0x0821, 0x0821, 0x0821, 0x0821, 0x0821, 0x0821, 0x0821, 0x0821, 0x0821, 0x0821, 0x0821, 0x0821, 0x0821, 0x0821,
  0x0821, 0x0821, 0x0821, 0x0821, 0x0821, 0x0821, 0x0821, 0x0821, 0x0821, 0x0821, 0x0821, 0x0821, 0x0821, 0x0821, 0x0821, 0x0821
};

static const uint16_t char_sword_down[512] PROGMEM = {
  0x0821, 0x0821, 0x0821, 0x0821, 0x0821, 0x0821, 0x0821, 0x0821, 0x0821, 0x0821, 0x0821, 0x0821, 0x0821, 0x0821, 0x0821, 0x0821,
  0x0821, 0x0821, 0x0821, 0x0821, 0x0821, 0x0821, 0x0821, 0x0821, 0x0821, 0x0821, 0x0821, 0x0821, 0x0821, 0x0821, 0x0821, 0x0821,
  0x0821, 0x0821, 0x0821, 0x0821, 0x0821, 0x0821, 0x0821, 0x0821, 0x0821, 0x0821, 0x0821, 0x0821, 0x0821, 0x0821, 0x0821, 0x0821,
  0x0821, 0x0821, 0x0821, 0x0821, 0x0821, 0x0821, 0x0821, 0x0821, 0x0821, 0x0821, 0x0821, 0x0821, 0x0821, 0x0821, 0x0821, 0x0821,
  0x0821, 0x0821, 0x0821, 0x0821, 0x0821, 0x0821, 0x0821, 0x0821, 0x0821, 0x0821, 0x0821, 0x0821, 0x0821, 0x0821, 0x0821, 0x0821,
  0x0821, 0x0821, 0x0821, 0x0821, 0x0821, 0x0821, 0x0821, 0x0821, 0x0821, 0x0821, 0x0821, 0x0821, 0x0821, 0x0821, 0x0821, 0x0821,
  0x0821, 0x0821, 0x0821, 0x0821, 0x0821, 0x0821, 0x0821, 0x0821, 0x0821, 0x0821, 0x0821, 0x0821, 0x0821, 0x0821, 0x0821, 0x0821,
  0x0821, 0x0821, 0x0821, 0x0821, 0x0821, 0x0821, 0x0821, 0x0821, 0x0821, 0x0821, 0x0821, 0x0821, 0x0821, 0x4164, 0x4164, 0x4164,
  0x0821, 0x0821, 0x0821, 0x0821, 0x0821, 0x0821, 0x0821, 0x0821, 0x0821, 0x0821, 0x0821, 0x4164, 0x4164, 0x6A46, 0x6A46, 0x6A46,
  0x0821, 0x0821, 0x0821, 0x0821, 0x0821, 0x0821, 0x0821, 0x0821, 0x0821, 0x0821, 0x4164, 0x6A46, 0x6A46, 0x6A46, 0x6A46, 0x6A46,
  0x0821, 0x0821, 0x0821, 0x0821, 0x0821, 0x0821, 0x0821, 0x0821, 0x0821, 0x0821, 0x4164, 0x6A46, 0x6A46, 0x4164, 0x4164, 0x4164,
  0x0821, 0x0821, 0x0821, 0x0821, 0x0821, 0x0821, 0x0821, 0x0821, 0x0821, 0x4164, 0x6A46, 0x4164, 0x4164, 0xBD30, 0xBD30, 0xBD30,
  0x0821, 0x0821, 0x0821, 0x0821, 0x0821, 0x0821, 0x0821, 0x0821, 0x0821, 0x4164, 0x4164, 0xBD30, 0xBD30, 0xEEB6, 0xEEB6, 0xEEB6,
  0x0821, 0x0821, 0x0821, 0x0821, 0x0821, 0x0821, 0x0821, 0x0821, 0x0821, 0x10A2, 0x4164, 0xBD30, 0xEEB6, 0xEEB6, 0xEEB6, 0xEEB6,
  0x0821, 0x0821, 0x0821, 0x0821, 0x0821, 0x0821, 0x0821, 0x0821, 0x0821, 0x10A2, 0xBD30, 0xEEB6, 0x10A2, 0xEEB6, 0xEEB6, 0xEEB6,
  0x0821, 0x0821, 0x0821, 0x0821, 0x0821, 0x0821, 0x0821, 0x0821, 0x0821, 0x0821, 0x10A2, 0xEEB6, 0x10A2, 0xEEB6, 0xEEB6, 0xEEB6,
  0x0821, 0x0821, 0x0821, 0x0821, 0x0821, 0x0821, 0x0821, 0x0821, 0x0821, 0x0821, 0x10A2, 0xBD30, 0xEEB6, 0xEEB6, 0xEEB6, 0xEEB6,
  0x0821, 0x0821, 0x0821, 0x0821, 0x0821, 0x0821, 0x0821, 0x0821, 0x0821, 0x0821, 0x0821, 0x10A2, 0xBD30, 0xEEB6, 0x4164, 0xEEB6,
  0x0821, 0x0821, 0x0821, 0x0821, 0x0821, 0x0821, 0x0821, 0x0821, 0xAE18, 0xAE18, 0xAE18, 0xAE18, 0xAE18, 0xAE18, 0x4164, 0xBD30,
  0x0821, 0x0821, 0x0821, 0x0821, 0x0821, 0x0821, 0x0821, 0xAE18, 0xFFDF, 0xFFDF, 0xFFDF, 0xFFDF, 0xFFDF, 0xFFDF, 0x4164, 0x10A2,
  0x0821, 0x0821, 0x0821, 0x0821, 0x0821, 0x0821, 0x0821, 0x0821, 0x6C31, 0x6C31, 0x6C31, 0x6C31, 0x6C31, 0x6C31, 0x4164, 0x10A2,
  0x0821, 0x0821, 0x0821, 0x0821, 0x0821, 0x0821, 0x0821, 0x0821, 0x0821, 0x0821, 0x0821, 0x10A2, 0x10A2, 0x10A2, 0x4164, 0xFFFF,
  0x0821, 0x0821, 0x0821, 0x0821, 0x0821, 0x0821, 0x0821, 0x0821, 0x0821, 0x0821, 0x0821, 0x10A2, 0x8965, 0x8965, 0x8965, 0x8965,
  0x0821, 0x0821, 0x0821, 0x0821, 0x0821, 0x0821, 0x0821, 0x0821, 0x0821, 0x0821, 0x0821, 0x10A2, 0x4164, 0x4164, 0x10A2, 0x10A2,
  0x0821, 0x0821, 0x0821, 0x0821, 0x0821, 0x0821, 0x0821, 0x0821, 0x0821, 0x0821, 0x2946, 0x2946, 0x10A2, 0x10A2, 0x2946, 0x2946,
  0x0821, 0x0821, 0x0821, 0x0821, 0x0821, 0x0821, 0x0821, 0x0821, 0x0821, 0x0821, 0x0821, 0x2946, 0x2946, 0x2946, 0x2946, 0x2946,
  0x0821, 0x0821, 0x0821, 0x0821, 0x0821, 0x0821, 0x0821, 0x0821, 0x0821, 0x0821, 0x0821, 0x0821, 0x0821, 0x2946, 0x2946, 0x2946,
  0x0821, 0x0821, 0x0821, 0x0821, 0x0821, 0x0821, 0x0821, 0x0821, 0x0821, 0x0821, 0x0821, 0x0821, 0x0821, 0x0821, 0x0821, 0x0821,
  0x0821, 0x0821, 0x0821, 0x0821, 0x0821, 0x0821, 0x0821, 0x0821, 0x0821, 0x0821, 0x0821, 0x0821, 0x0821, 0x0821, 0x0821, 0x0821,
  0x0821, 0x0821, 0x0821, 0x0821, 0x0821, 0x0821, 0x0821, 0x0821, 0x0821, 0x0821, 0x0821, 0x0821, 0x0821, 0x0821, 0x0821, 0x0821,
  0x0821, 0x0821, 0x0821, 0x0821, 0x0821, 0x0821, 0x0821, 0x0821, 0x0821, 0x0821, 0x0821, 0x0821, 0x0821, 0x0821, 0x0821, 0x0821,
  0x0821, 0x0821, 0x0821, 0x0821, 0x0821, 0x0821, 0x0821, 0x0821, 0x0821, 0x0821, 0x0821, 0x0821, 0x0821, 0x0821, 0x0821, 0x0821
};

static const uint16_t char_sword_side[512] PROGMEM = {
  0x0821, 0x0821, 0x0821, 0x0821, 0x0821, 0x0821, 0x0821, 0x0821, 0x0821, 0x0821, 0x0821, 0x0821, 0x0821, 0x0821, 0x0821, 0x0821,
  0x0821, 0x0821, 0x0821, 0x0821, 0x0821, 0x0821, 0x0821, 0x0821, 0x0821, 0x0821, 0x0821, 0x0821, 0x0821, 0x0821, 0x0821, 0x0821,
  0x0821, 0x0821, 0x0821, 0x0821, 0x0821, 0x0821, 0x0821, 0x0821, 0x0821, 0x0821, 0x0821, 0x0821, 0x0821, 0x0821, 0x0821, 0x0821,
  0x0821, 0x0821, 0x0821, 0x0821, 0x0821, 0x0821, 0x0821, 0x0821, 0x0821, 0x0821, 0x0821, 0x0821, 0x0821, 0x0821, 0x0821, 0x0821,
  0x0821, 0x0821, 0x0821, 0x0821, 0x0821, 0x0821, 0x0821, 0x0821, 0x0821, 0x0821, 0x0821, 0x0821, 0x0821, 0x0821, 0x0821, 0x0821,
  0x0821, 0x0821, 0x0821, 0x0821, 0x0821, 0x0821, 0x0821, 0x0821, 0x0821, 0x0821, 0x0821, 0x0821, 0x0821, 0x0821, 0x0821, 0x0821,
  0x0821, 0x0821, 0x0821, 0x0821, 0x0821, 0x0821, 0x0821, 0x0821, 0x0821, 0x0821, 0x0821, 0x0821, 0x0821, 0x4164, 0x4164, 0x0821,
  0x0821, 0x0821, 0x0821, 0x0821, 0x0821, 0x0821, 0x0821, 0x0821, 0x0821, 0x0821, 0x4164, 0x4164, 0x4164, 0x6A46, 0x6A46, 0x10A2,
  0x0821, 0x0821, 0x0821, 0x0821, 0x0821, 0x0821, 0x0821, 0x0821, 0x0821, 0x4164, 0x6A46, 0x6A46, 0x4164, 0x10A2, 0x10A2, 0x6A46,
  0x0821, 0x0821, 0x0821, 0x0821, 0x0821, 0x0821, 0x0821, 0x0821, 0x0821, 0x0821, 0x10A2, 0x4164, 0x6A46, 0x6A46, 0x6A46, 0x6A46,
  0x0821, 0x0821, 0x0821, 0x0821, 0x0821, 0x0821, 0x0821, 0x0821, 0x0821, 0x4164, 0x6A46, 0x6A46, 0x6A46, 0x6A46, 0x6A46, 0x6A46,
  0x0821, 0x0821, 0x0821, 0x0821, 0x0821, 0x0821, 0x0821, 0x0821, 0x4164, 0x6A46, 0x6A46, 0x6A46, 0x6A46, 0x6A46, 0x6A46, 0x6A46,
  0x0821, 0x0821, 0x0821, 0x0821, 0x0821, 0x0821, 0x0821, 0x0821, 0x4164, 0x4164, 0x6A46, 0x6A46, 0x6A46, 0x6A46, 0x6A46, 0x6A46,
  0x0821, 0x0821, 0x0821, 0x0821, 0x0821, 0x0821, 0x0821, 0x0821, 0x0821, 0x10A2, 0x4164, 0x6A46, 0x6A46, 0x6A46, 0x6A46, 0x6A46,
  0x0821, 0x0821, 0x0821, 0x0821, 0x0821, 0x0821, 0x0821, 0x0821, 0x0821, 0x10A2, 0x4164, 0x4164, 0x4164, 0x6A46, 0x6A46, 0x6A46,
  0x0821, 0x0821, 0x0821, 0x0821, 0x0821, 0x0821, 0x0821, 0x0821, 0x0821, 0x0821, 0x10A2, 0x4164, 0x4164, 0x4164, 0x4164, 0x4164,
  0x0821, 0x0821, 0x0821, 0x0821, 0x0821, 0x0821, 0x0821, 0x0821, 0x0821, 0x0821, 0x10A2, 0xBD30, 0x4164, 0x4164, 0x4164, 0x4164,
  0x0821, 0x0821, 0x0821, 0x0821, 0x0821, 0x0821, 0x0821, 0x0821, 0x0821, 0x0821, 0x0821, 0x10A2, 0xBD30, 0xEEB6, 0x4164, 0x4164,
  0x0821, 0x0821, 0x0821, 0x0821, 0x0821, 0x0821, 0x0821, 0x0821, 0x0821, 0x0821, 0x0821, 0x0821, 0x10A2, 0x8965, 0xBD30, 0xEEB6,
  0x0821, 0x0821, 0x0821, 0x0821, 0x0821, 0x0821, 0x0821, 0x0821, 0x0821, 0x0821, 0x0821, 0x0821, 0x10A2, 0x8965, 0xC1E7, 0xC1E7,
  0x0821, 0x0821, 0x0821, 0x0821, 0x0821, 0x0821, 0x0821, 0x0821, 0x0821, 0x0821, 0x0821, 0x0821, 0x10A2, 0x8965, 0xC1E7, 0xC1E7,
  0x0821, 0x0821, 0x0821, 0x0821, 0x0821, 0x0821, 0x0821, 0x0821, 0x0821, 0x0821, 0x0821, 0x0821, 0x10A2, 0x4164, 0x4164, 0x4164,
  0x0821, 0x0821, 0x0821, 0x0821, 0x0821, 0x0821, 0x0821, 0x0821, 0x0821, 0x0821, 0x0821, 0x0821, 0x10A2, 0x8965, 0x8965, 0x8965,
  0x0821, 0x0821, 0x0821, 0x0821, 0x0821, 0x0821, 0x0821, 0x0821, 0x0821, 0x0821, 0x0821, 0x2946, 0x10A2, 0x6333, 0x6333, 0x10A2,
  0x0821, 0x0821, 0x0821, 0x0821, 0x0821, 0x0821, 0x0821, 0x0821, 0x0821, 0x0821, 0x2946, 0x2946, 0x10A2, 0x6A46, 0x6A46, 0x10A2,
  0x0821, 0x0821, 0x0821, 0x0821, 0x0821, 0x0821, 0x0821, 0x0821, 0x0821, 0x0821, 0x0821, 0x2946, 0x2946, 0x10A2, 0x10A2, 0x2946,
  0x0821, 0x0821, 0x0821, 0x0821, 0x0821, 0x0821, 0x0821, 0x0821, 0x0821, 0x0821, 0x0821, 0x0821, 0x0821, 0x2946, 0x2946, 0x2946,
  0x0821, 0x0821, 0x0821, 0x0821, 0x0821, 0x0821, 0x0821, 0x0821, 0x0821, 0x0821, 0x0821, 0x0821, 0x0821, 0x0821, 0x0821, 0x0821,
  0x0821, 0x0821, 0x0821, 0x0821, 0x0821, 0x0821, 0x0821, 0x0821, 0x0821, 0x0821, 0x0821, 0x0821, 0x0821, 0x0821, 0x0821, 0x0821,
  0x0821, 0x0821, 0x0821, 0x0821, 0x0821, 0x0821, 0x0821, 0x0821, 0x0821, 0x0821, 0x0821, 0x0821, 0x0821, 0x0821, 0x0821, 0x0821,
  0x0821, 0x0821, 0x0821, 0x0821, 0x0821, 0x0821, 0x0821, 0x0821, 0x0821, 0x0821, 0x0821, 0x0821, 0x0821, 0x0821, 0x0821, 0x0821,
  0x0821, 0x0821, 0x0821, 0x0821, 0x0821, 0x0821, 0x0821, 0x0821, 0x0821, 0x0821, 0x0821, 0x0821, 0x0821, 0x0821, 0x0821, 0x0821
};

static const uint16_t char_sword_up[512] PROGMEM = {
  0x0821, 0x0821, 0x0821, 0x0821, 0x0821, 0x0821, 0x0821, 0x0821, 0x0821, 0x0821, 0x0821, 0x0821, 0x0821, 0x0821, 0x0821, 0x0821,
  0x0821, 0x0821, 0x0821, 0x0821, 0x0821, 0x0821, 0x0821, 0x0821, 0x0821, 0x0821, 0x0821, 0x0821, 0x0821, 0x0821, 0x0821, 0x0821,
  0x0821, 0x0821, 0x0821, 0x0821, 0x0821, 0x0821, 0x0821, 0x0821, 0x0821, 0x0821, 0x0821, 0x0821, 0x0821, 0x0821, 0x0821, 0x0821,
  0x0821, 0x0821, 0x0821, 0x0821, 0x0821, 0x0821, 0x0821, 0x0821, 0x0821, 0x0821, 0x0821, 0x0821, 0x0821, 0x0821, 0x0821, 0x0821,
  0x0821, 0x0821, 0x0821, 0x0821, 0x0821, 0x0821, 0x0821, 0x0821, 0x0821, 0x0821, 0x0821, 0x0821, 0x0821, 0x0821, 0x0821, 0x0821,
  0x0821, 0x0821, 0x0821, 0x0821, 0x0821, 0x0821, 0x0821, 0x0821, 0x0821, 0x0821, 0x0821, 0x0821, 0x0821, 0x0821, 0x0821, 0x0821,
  0x0821, 0x0821, 0x0821, 0x0821, 0x0821, 0x0821, 0x0821, 0x0821, 0x0821, 0x0821, 0x0821, 0x0821, 0x0821, 0x0821, 0x0821, 0x0821,
  0x0821, 0x0821, 0x0821, 0x0821, 0x0821, 0x0821, 0x0821, 0x0821, 0x0821, 0x0821, 0x0821, 0x0821, 0x0821, 0x4164, 0x4164, 0x4164,
  0x0821, 0x0821, 0x0821, 0x0821, 0x0821, 0x0821, 0x0821, 0x0821, 0x0821, 0x0821, 0x0821, 0x4164, 0x4164, 0x6A46, 0x6A46, 0x6A46,
  0x0821, 0x0821, 0x0821, 0x0821, 0x0821, 0x0821, 0x0821, 0x0821, 0x0821, 0x0821, 0x4164, 0x6A46, 0x6A46, 0x6A46, 0x6A46, 0x6A46,
  0x0821, 0x0821, 0x0821, 0x0821, 0x0821, 0x0821, 0x0821, 0x0821, 0x0821, 0x0821, 0x4164, 0x6A46, 0x6A46, 0x6A46, 0x6A46, 0x4164,
  0x0821, 0x0821, 0x0821, 0x0821, 0x0821, 0x0821, 0x0821, 0x0821, 0x0821, 0x10A2, 0x6A46, 0x6A46, 0x6A46, 0x4164, 0x4164, 0xBD30,
  0x0821, 0x0821, 0x0821, 0x0821, 0x0821, 0x0821, 0x0821, 0x0821, 0x0821, 0x10A2, 0x4164, 0x6A46, 0x4164, 0xBD30, 0xBD30, 0xEEB6,
  0x0821, 0x0821, 0x0821, 0x0821, 0x0821, 0x0821, 0x0821, 0x0821, 0x0821, 0x10A2, 0x4164, 0x4164, 0x4164, 0xBD30, 0xEEB6, 0xEEB6,
  0x0821, 0x0821, 0x0821, 0x0821, 0x0821, 0x0821, 0x0821, 0x0821, 0x0821, 0x10A2, 0x4164, 0x4164, 0xBD30, 0xEEB6, 0xEEB6, 0x10A2,
  0x0821, 0x0821, 0x0821, 0x0821, 0x0821, 0x0821, 0x0821, 0x0821, 0x0821, 0x0821, 0x10A2, 0xBD30, 0xBD30, 0xEEB6, 0xEEB6, 0x10A2,
  0x0821, 0x0821, 0x0821, 0x0821, 0x0821, 0x0821, 0x0821, 0x0821, 0x0821, 0x0821, 0x10A2, 0xBD30, 0xBD30, 0xEEB6, 0xEEB6, 0xEEB6,
  0x0821, 0x0821, 0x0821, 0x0821, 0x0821, 0x0821, 0x0821, 0x0821, 0x0821, 0x0821, 0x0821, 0x10A2, 0xBD30, 0xBD30, 0xBD30, 0xEEB6,
  0x0821, 0x0821, 0x0821, 0x0821, 0x0821, 0x0821, 0x0821, 0x0821, 0x0821, 0x0821, 0x0821, 0x0821, 0x10A2, 0x10A2, 0xBD30, 0xBD30,
  0x0821, 0x0821, 0x0821, 0x0821, 0x0821, 0x0821, 0x0821, 0x0821, 0x0821, 0x0821, 0x0821, 0x10A2, 0x10A2, 0x8965, 0xC1E7, 0xC1E7,
  0x0821, 0x0821, 0x0821, 0x0821, 0x0821, 0x0821, 0x0821, 0x0821, 0x0821, 0x0821, 0x10A2, 0xEEB6, 0xEEB6, 0x10A2, 0x8965, 0xC1E7,
  0x0821, 0x0821, 0x0821, 0x0821, 0x0821, 0x0821, 0x0821, 0x0821, 0x0821, 0x0821, 0x10A2, 0xEEB6, 0xEEB6, 0x10A2, 0x10A2, 0x10A2,
  0x0821, 0x0821, 0x0821, 0x0821, 0x0821, 0x0821, 0x0821, 0x0821, 0x0821, 0x0821, 0x0821, 0x10A2, 0x10A2, 0x8965, 0x8965, 0x8965,
  0x0821, 0x0821, 0x0821, 0x0821, 0x0821, 0x0821, 0x0821, 0x0821, 0x0821, 0x0821, 0x0821, 0x0821, 0x10A2, 0x6333, 0x6333, 0x6333,
  0x0821, 0x0821, 0x0821, 0x0821, 0x0821, 0x0821, 0x0821, 0x0821, 0x0821, 0x0821, 0x0821, 0x2946, 0x10A2, 0x6A46, 0x6A46, 0x6A46,
  0x0821, 0x0821, 0x0821, 0x0821, 0x0821, 0x0821, 0x0821, 0x0821, 0x0821, 0x0821, 0x2946, 0x2946, 0x2946, 0x10A2, 0x10A2, 0x10A2,
  0x0821, 0x0821, 0x0821, 0x0821, 0x0821, 0x0821, 0x0821, 0x0821, 0x0821, 0x0821, 0x0821, 0x2946, 0x2946, 0x2946, 0x2946, 0x2946,
  0x0821, 0x0821, 0x0821, 0x0821, 0x0821, 0x0821, 0x0821, 0x0821, 0x0821, 0x0821, 0x0821, 0x0821, 0x0821, 0x2946, 0x2946, 0x2946,
  0x0821, 0x0821, 0x0821, 0x0821, 0x0821, 0x0821, 0x0821, 0x0821, 0x0821, 0x0821, 0x0821, 0x0821, 0x0821, 0x0821, 0x0821, 0x0821,
  0x0821, 0x0821, 0x0821, 0x0821, 0x0821, 0x0821, 0x0821, 0x0821, 0x0821, 0x0821, 0x0821, 0x0821, 0x0821, 0x0821, 0x0821, 0x0821,
  0x0821, 0x0821, 0x0821, 0x0821, 0x0821, 0x0821, 0x0821, 0x0821, 0x0821, 0x0821, 0x0821, 0x0821, 0x0821, 0x0821, 0x0821, 0x0821,
  0x0821, 0x0821, 0x0821, 0x0821, 0x0821, 0x0821, 0x0821, 0x0821, 0x0821, 0x0821, 0x0821, 0x0821, 0x0821, 0x0821, 0x0821, 0x0821
};

// ===== YARDIMCI CIZIM FONKSIYONLARI =====

extern TFT_eSprite img;

// 16x16 tile ciz (transparent piksel atla)
inline void zDrawTile(int sx, int sy, const uint16_t* data) {
  for (int y = 0; y < 16; y++) {
    for (int x = 0; x < 16; x++) {
      uint16_t c = pgm_read_word(&data[y * 16 + x]);
      if (c != ZELDA_TRANSPARENT)
        img.drawPixel(sx + x, sy + y, c);
    }
  }
}

// 16x16 tile tam doldurarak ciz (zemin tile icin)
inline void zFillTile(int sx, int sy, const uint16_t* data) {
  for (int y = 0; y < 16; y++)
    for (int x = 0; x < 16; x++)
      img.drawPixel(sx + x, sy + y, pgm_read_word(&data[y * 16 + x]));
}

// 16x32 karakter sprite ciz (transparent atla, yatay flip destegi)
inline void zDrawChar(int sx, int sy, const uint16_t* data, bool flipH = false) {
  for (int y = 0; y < 32; y++) {
    for (int x = 0; x < 16; x++) {
      uint16_t c = pgm_read_word(&data[y * 16 + (flipH ? 15-x : x)]);
      if (c != ZELDA_TRANSPARENT)
        img.drawPixel(sx + x, sy + y, c);
    }
  }
}
